Nitrogen,Phosphorus,Potassium,Temperature,Humidity,Target_Crop
35,72,80,18.45376381065772,18.853489887263393,Chickpea
107,38,41,38.82475008464773,91.5032670099325,Rice
115,55,37,39.14540525966651,90.00890618261482,Rice
129,53,37,30.450383832690463,92.09907845381082,Rice
23,69,23,20.7835976311654,18.816164991091348,Kidneybeans
91,41,17,20.86002184484436,73.5943530086204,Maize
99,38,19,30.900758285105145,63.47984485318286,Maize
107,45,35,35.132716075698696,96.19059951536883,Rice
20,67,80,23.52138768506801,22.27554349722006,Chickpea
43,78,84,21.900035933711983,19.71661349425513,Chickpea
33,79,82,17.458215356707232,23.105843802733375,Chickpea
39,64,19,23.754886503958964,18.220675351957297,Kidneybeans
12,62,20,20.5347177620985,23.009387215414304,Kidneybeans
79,56,21,25.91733482034746,53.9937365058486,Maize
38,58,79,23.279854531810816,14.45180023029776,Chickpea
112,53,39,26.291931136188218,93.38780802918723,Rice
62,38,43,23.687418413579266,85.6770905721729,Rice
26,62,17,18.353716062174623,23.88191349661304,Kidneybeans
88,55,35,33.40770916708824,90.12215109693501,Rice
39,66,17,23.730431470152034,18.34442527118104,Kidneybeans
95,40,23,21.314027072492717,63.18949056063376,Maize
40,55,82,24.092198474002195,23.667524277701187,Chickpea
98,48,19,22.20687068096349,54.27714917142905,Maize
98,36,41,25.976717726746276,97.52210385196085,Rice
123,58,37,39.17254354626441,99.84266632681344,Rice
22,73,21,23.364421924698696,19.377168249335412,Kidneybeans
36,59,18,17.08315390008518,16.96688197312823,Kidneybeans
62,47,23,32.21695232274182,53.37446215179105,Maize
65,39,43,28.664934979433113,83.23528422704219,Rice
58,68,81,29.58629998560155,12.780591686237672,Chickpea
88,53,38,30.42601334827139,85.05055564150838,Rice
102,46,43,22.62670252818756,99.90960981408514,Rice
16,55,22,20.13707855215305,19.838602188643115,Kidneybeans
68,40,18,29.011240925150403,55.76836475517634,Maize
46,58,75,15.043218774984219,19.460507067381776,Chickpea
37,57,15,22.833872199958385,19.734356593750213,Kidneybeans
74,38,36,32.146128965253425,87.61819051021975,Rice
33,62,80,29.61558358018886,23.996908516124627,Chickpea
111,49,36,29.687968951480812,87.29596438289059,Rice
129,53,38,30.36520733352784,96.27532576639173,Rice
56,73,78,28.556363576627135,23.223451824111354,Chickpea
48,56,80,19.03270113679265,19.08117636261381,Chickpea
82,41,16,22.580470587162136,70.59361154780748,Maize
121,41,43,31.465887563588012,80.58788891513015,Rice
60,43,22,33.86802315939873,60.377679421373315,Maize
66,55,38,35.41971851070957,87.67694303735593,Rice
47,55,81,25.47466735841359,17.823990940170372,Chickpea
60,57,35,30.448691521423378,99.46195496140693,Rice
55,79,75,20.060102115255354,18.025382568983993,Chickpea
27,67,21,15.733640674596026,20.776130806371338,Kidneybeans
63,59,17,31.31372049347435,62.37064879001366,Maize
37,73,17,24.757788185489325,16.192104428405734,Kidneybeans
32,66,24,24.359372482485597,15.547327069249858,Kidneybeans
94,49,35,26.580348756293244,83.55532775702497,Rice
78,47,18,23.05263993536663,51.22870975862943,Maize
84,46,21,30.867756367159235,56.691710929857436,Maize
60,38,40,26.920331352896792,91.46082857861698,Rice
21,56,82,20.891906637140153,16.927652219126657,Chickpea
21,74,81,26.561709273958197,21.10242053142195,Chickpea
28,78,84,20.794847596146987,18.20027882648933,Chickpea
116,36,42,26.41485480876255,96.43612887802173,Rice
100,43,36,33.81120464891281,98.97166709702867,Rice
66,42,16,27.66981651937584,50.40311615930537,Maize
25,73,15,24.327529390603132,18.95053337856796,Kidneybeans
47,65,80,18.706973319920877,10.236143694935155,Chickpea
121,51,41,21.51866820739244,84.74055714216672,Rice
40,64,75,21.0141264370957,20.459131285807853,Chickpea
25,59,19,17.46857027595733,24.615507321375663,Kidneybeans
45,57,76,27.131849768453076,20.00157864675846,Chickpea
36,77,79,19.651268075141324,15.688398057706735,Chickpea
93,39,16,22.13893974913492,54.871012291384105,Maize
51,60,84,15.668457351730186,16.114492869694836,Chickpea
93,35,23,19.242446547444555,74.86410641711312,Maize
31,56,18,16.321796577538716,15.676047494723832,Kidneybeans
67,36,43,27.533907239735974,89.45783931266364,Rice
19,73,15,21.790666044956374,21.347441411040293,Kidneybeans
72,53,23,33.64068089328036,59.15070664366288,Maize
13,62,17,16.307173235897572,21.002514100995832,Kidneybeans
62,44,20,24.80560776298289,55.98424590855116,Maize
90,52,17,30.022881581702194,60.15916013193654,Maize
78,36,16,31.007530447641486,58.23826034434992,Maize
22,63,20,22.646509503848733,19.353963233997515,Kidneybeans
73,49,16,29.85633749303227,61.34897082619649,Maize
37,66,79,28.929904305223243,23.86040305638599,Chickpea
63,36,18,29.451367143943816,57.17116614118,Maize
96,58,19,30.613921649144928,53.265859538933995,Maize
119,55,41,28.845975247618206,88.18955706010408,Rice
24,67,82,22.52273192219601,24.508953812895484,Chickpea
117,59,42,34.48570616252824,82.82556098551012,Rice
30,79,80,26.416324590358133,13.150440242744224,Chickpea
28,61,20,19.053253606469532,23.15745380626121,Kidneybeans
59,66,84,24.31362885326562,16.13165891843698,Chickpea
87,49,17,27.249846606970966,52.926610324546566,Maize
20,74,80,21.532614382082862,24.943934297873152,Chickpea
32,56,77,29.886634340621683,14.913282477701987,Chickpea
79,56,40,37.8984288245568,88.61724183076066,Rice
55,69,81,16.94912058401912,14.60356769791855,Chickpea
63,39,43,39.10472625446958,93.2524255801664,Rice
17,64,21,21.457250433510538,22.260848514838507,Kidneybeans
26,70,18,19.39855639713835,22.240291887729214,Kidneybeans
65,47,42,21.40059411494942,95.37038729047582,Rice
39,74,18,15.240050448448889,23.19624869547645,Kidneybeans
89,45,43,34.437752558538705,90.79465237519885,Rice
20,61,18,23.259323085500164,18.918108946171717,Kidneybeans
32,57,16,24.567204338893497,17.889685249210586,Kidneybeans
125,52,36,23.18491476558529,94.74360450014487,Rice
116,56,36,20.823669905585433,89.56468046096144,Rice
81,53,39,26.441894044386707,86.35062895753474,Rice
51,63,79,22.69080371718942,18.578683057759008,Chickpea
38,57,16,18.57192333993045,15.527439521622174,Kidneybeans
93,49,20,32.317293424842944,56.299955541101795,Maize
54,78,82,22.131099117751106,18.216770415749792,Chickpea
17,65,20,16.199529417309698,18.02775128271967,Kidneybeans
60,41,15,30.857271648664998,72.540780737159,Maize
30,59,77,15.195443516356256,14.779134441454108,Chickpea
16,71,20,19.754757152327336,16.85776954698708,Kidneybeans
80,35,41,22.568974361863827,86.24543572097592,Rice
63,40,36,31.448555188669314,94.65797836682684,Rice
125,39,42,23.20800210660144,82.24608688822438,Rice
71,39,38,39.242439451840994,87.99810413608313,Rice
10,71,17,21.04359319714771,24.868959453882976,Kidneybeans
70,37,24,27.297563734483113,72.88540503666758,Maize
113,35,38,36.37571286714187,88.84819872961339,Rice
41,77,79,19.00878944690393,21.142374623594744,Chickpea
83,41,21,30.63699922469021,59.157159655163056,Maize
60,50,38,29.64712763103183,84.47228868992623,Rice
91,35,37,31.887917184570906,91.91501456377914,Rice
23,66,79,29.85129564101223,14.014011982925613,Chickpea
65,51,39,32.46665101809981,93.04246491060876,Rice
67,53,40,34.482066585462775,95.6358065969006,Rice
31,63,83,24.548079701300317,11.149537097128732,Chickpea
76,48,19,27.56514218934662,55.82968886054041,Maize
92,51,20,23.737109777120523,58.01549766375567,Maize
15,57,15,20.005793174308312,15.52826686364722,Kidneybeans
45,68,81,27.709075015827892,24.176712831340133,Chickpea
103,47,42,24.61138391610038,88.88838905502404,Rice
116,50,39,38.651798188505055,97.29217671910074,Rice
91,56,16,24.842948043332413,64.90983999231153,Maize
45,64,76,16.280120047264873,10.03027776622351,Chickpea
31,73,16,16.844590510598834,18.45579585870813,Kidneybeans
74,47,24,30.132224812906614,63.8175972511385,Maize
128,40,43,36.80243005482438,85.13767695291429,Rice
92,53,40,27.672245208112436,88.02375828077965,Rice
78,56,38,20.697303204676498,96.44786837634116,Rice
85,38,42,39.24197571528235,88.98867670427475,Rice
24,60,83,23.20444877057082,10.237197943494431,Chickpea
103,41,38,34.31106630468484,85.77371191061276,Rice
96,57,19,21.572002190983646,73.5476396815105,Maize
34,74,18,16.808919013788984,24.4777969796923,Kidneybeans
51,73,77,21.234632800288587,17.04288313065794,Chickpea
34,69,75,16.97277400374567,23.35085538197879,Chickpea
43,63,79,17.70293631192222,23.029594597351384,Chickpea
33,71,22,19.073655242128325,24.16489151115514,Kidneybeans
75,40,35,31.25500572686765,82.39658004035293,Rice
22,74,76,16.06337363836928,22.399780861909605,Chickpea
66,36,22,20.64947612137454,56.80788492952707,Maize
98,55,22,23.962066395865435,50.90851870790606,Maize
27,79,78,18.807316172350422,19.519588847310708,Chickpea
88,40,16,25.884767019464398,52.21933167390581,Maize
72,39,35,35.20188156876195,83.40955876347834,Rice
80,50,19,28.63930031470039,50.14661819717903,Maize
29,68,16,23.326117733261313,22.752345388990562,Kidneybeans
25,66,15,19.580286165838686,23.65071099375394,Kidneybeans
54,76,81,25.065829257898717,17.930866286476537,Chickpea
26,69,21,22.203839985864455,18.470023354122,Kidneybeans
63,56,21,18.926657716033233,51.962746711340245,Maize
11,70,21,17.458474424934003,24.094295036858767,Kidneybeans
60,51,21,18.63862590224767,61.49081885891151,Maize
51,71,76,18.209355580323553,13.47675385434025,Chickpea
28,55,23,17.40670514757153,17.739880994699718,Kidneybeans
78,56,37,31.06002905183917,91.28882181357766,Rice
16,62,24,21.456025770584116,15.392650516486603,Kidneybeans
81,59,39,23.86265729174586,82.99407935913915,Rice
97,59,15,25.12186062572708,65.09481893215295,Maize
20,65,76,15.471327322669094,15.78420269298472,Chickpea
121,35,35,35.93595655728055,97.29372384067081,Rice
32,65,15,24.614166196420495,17.366097827075073,Kidneybeans
127,58,35,31.80527877771245,97.46673323447695,Rice
17,69,18,20.673909441560735,21.098127615481168,Kidneybeans
32,72,80,29.295300317683488,13.240901743671497,Chickpea
56,57,79,27.124131593339065,11.82243086631648,Chickpea
79,41,42,24.007182870974255,99.62472748688607,Rice
16,64,21,24.827395409103858,15.399225325637513,Kidneybeans
97,39,37,36.0153937425975,99.02957119331982,Rice
35,64,17,24.092526944369922,23.545473932021803,Kidneybeans
89,39,38,34.17144009205259,80.31642183531164,Rice
50,61,75,21.87351975589251,16.166404133206598,Chickpea
67,52,44,25.398224447843898,88.74330777633654,Rice
38,62,83,20.738704853559533,22.258784670502315,Chickpea
76,39,43,23.327551738645447,88.91581829154458,Rice
40,75,75,25.115234685352036,22.087667989267494,Chickpea
30,71,24,15.59617325344659,16.920160847400368,Kidneybeans
93,42,39,35.516094715859126,98.6546148095251,Rice
110,48,43,28.673106679127777,84.57789209693227,Rice
18,59,18,17.204876394147494,15.099106954911537,Kidneybeans
51,62,76,22.233965418782883,22.87180591376655,Chickpea
53,66,76,19.528750501162527,10.424669116040016,Chickpea
27,65,15,15.201378489492898,15.512634591759982,Kidneybeans
72,43,43,28.536341133097288,99.26693665640798,Rice
50,56,78,20.80855906767144,10.94710439391087,Chickpea
21,71,21,22.844054732127972,18.412444497577205,Kidneybeans
32,71,24,15.711556788779097,16.87124270410502,Kidneybeans
75,59,38,30.500630017205363,82.9798371194039,Rice
122,53,37,39.05297276077434,90.64962385118852,Rice
99,55,24,34.044028497604245,67.07938908099545,Maize
41,61,83,16.66466286877722,19.08224003821607,Chickpea
93,36,17,28.422976064177107,71.83402794603595,Maize
70,50,43,39.61153600359977,88.9273729302517,Rice
27,59,24,16.891957923903547,20.581711838904408,Kidneybeans
72,50,20,34.68416422367443,58.30001755294198,Maize
36,55,17,16.38125293140247,24.571348325397963,Kidneybeans
78,43,24,21.286766971404887,52.24130578089198,Maize
31,58,84,28.53354605193357,20.44940906826085,Chickpea
42,79,81,27.071296829845423,18.12054415235903,Chickpea
75,55,39,25.052981879217704,98.59211754843979,Rice
92,37,39,22.131574602573487,96.92490584038099,Rice
53,78,75,25.16311418255301,14.63433985102229,Chickpea
34,57,22,21.777232412013205,19.897858679882408,Kidneybeans
84,38,41,27.43667058477449,92.34311566791294,Rice
74,55,20,20.631362592383905,56.00378990055035,Maize
11,68,18,23.118661240103798,24.40992322574437,Kidneybeans
43,75,79,27.757074221412566,12.00475872115777,Chickpea
17,63,16,16.425565550331157,24.554481914380673,Kidneybeans
93,36,15,22.58562191985404,62.71197588270065,Maize
52,63,79,15.151359100335371,15.617205999520255,Chickpea
96,53,17,32.85252658753273,52.868548958454795,Maize
47,60,76,22.10101322242369,23.274464622708816,Chickpea
43,62,83,25.90123836252295,10.629781433643824,Chickpea
119,42,38,20.10164279636052,90.64520426678081,Rice
46,55,80,21.665480238622717,16.17797110626244,Chickpea
93,36,24,19.93198265784423,55.29495374703757,Maize
29,73,22,15.984241891013687,17.841842957117287,Kidneybeans
87,46,15,27.286209202224466,69.04835939357743,Maize
98,46,17,22.193159596361223,57.89839555964092,Maize
117,42,39,24.20699159837737,99.14645775789174,Rice
38,70,17,23.585064545515543,16.920233691363446,Kidneybeans
69,59,39,33.21640236598501,87.72921682318294,Rice
19,63,17,21.439565794476135,24.288079606878853,Kidneybeans
39,62,21,16.331821256675234,17.97977235495844,Kidneybeans
34,72,18,18.691361938092044,15.364610508256185,Kidneybeans
11,70,17,16.96294302311067,22.59823658428388,Kidneybeans
15,73,18,17.32224690901343,18.278428378858184,Kidneybeans
37,74,18,21.72250687294195,17.042421063684287,Kidneybeans
22,64,15,17.69161570991629,20.973123783307116,Kidneybeans
89,56,44,21.681964489359693,88.47889625826605,Rice
51,79,77,26.05644825648077,18.454899565431433,Chickpea
77,37,41,34.09851099377906,91.76825266681212,Rice
124,41,40,35.16784827891363,92.11076315289766,Rice
33,57,18,23.792795561570067,22.40663581066626,Kidneybeans
26,66,22,16.232837792989468,16.238460267058173,Kidneybeans
30,71,24,17.832844034925774,18.6325535167581,Kidneybeans
49,79,77,17.132556700558432,16.46630293934934,Chickpea
95,55,24,28.927712048464954,57.54155604077872,Maize
103,38,38,29.675098838648253,81.38265572373238,Rice
64,45,40,32.89093301251644,91.60224459390936,Rice
75,39,22,28.089439068971473,72.04272424096462,Maize
22,63,16,21.970241660042994,15.120030272726826,Kidneybeans
73,45,36,33.003347008864566,85.08449159794986,Rice
43,79,77,27.594894835631855,23.284296463626596,Chickpea
122,46,36,28.82064323496323,82.87084724078785,Rice
26,62,16,19.27466528166689,15.68440709242626,Kidneybeans
65,58,16,27.106712497752508,60.75857934222681,Maize
34,57,76,24.14446517485353,11.43057403409588,Chickpea
61,36,18,19.542255006713123,60.901762005482816,Maize
16,61,22,16.82813388539226,23.475476330547366,Kidneybeans
52,77,84,26.766312870051266,17.978336185112713,Chickpea
25,59,84,16.08166639394153,11.989668664014298,Chickpea
64,48,16,26.81221287670045,58.226844486518196,Maize
89,51,37,20.751935464125218,92.01219085092472,Rice
20,76,79,24.71569756594382,20.436962164831673,Chickpea
74,54,22,33.5075287112361,54.11827240202654,Maize
95,58,18,34.60032423951408,51.30832143251657,Maize
97,58,22,27.010889766610475,62.04750417774943,Maize
74,58,19,30.62481182458874,70.12733441998816,Maize
57,68,75,24.76436002677109,13.80035755089492,Chickpea
67,37,24,18.637987178040653,57.60768979552161,Maize
21,57,82,25.34999605963415,17.50120177407374,Chickpea
73,45,22,31.27159526969366,63.89677035497398,Maize
128,43,36,31.895532747538724,82.4407010424879,Rice
27,73,16,16.453266924205042,17.411652143077617,Kidneybeans
39,70,83,28.46512009016935,16.693018314663156,Chickpea
23,57,17,22.286562842366028,18.933206703851887,Kidneybeans
43,65,77,28.18882672269577,10.442560827178088,Chickpea
89,47,19,31.749590556519564,72.58184055597286,Maize
26,73,79,27.987302478335327,17.795563943417264,Chickpea
31,65,17,23.799146267270146,19.378998871429122,Kidneybeans
13,69,16,19.716494907505954,20.53993255503131,Kidneybeans
79,35,40,20.102903415094296,91.13274115873435,Rice
75,40,23,20.31295598533793,68.87331349462626,Maize
40,62,75,20.921015307672423,19.624478632410316,Chickpea
91,47,37,36.61285035501249,80.29334114092528,Rice
73,47,17,30.058034161393056,60.60930065134087,Maize
105,55,41,39.80296745501294,98.11049584659348,Rice
32,68,15,15.225645117053473,18.388234824228075,Kidneybeans
31,63,23,15.486948483999297,24.052989990105154,Kidneybeans
22,57,76,26.437243267133297,10.219423883165137,Chickpea
79,44,19,27.250142033372715,62.36492631909397,Maize
70,42,16,26.380706077787515,54.78105322690303,Maize
116,44,40,37.04387066694015,89.583664588872,Rice
51,57,78,20.877874446136182,18.300702817986213,Chickpea
121,56,37,20.105076371167698,86.61778725978344,Rice
40,71,75,17.442225745152957,18.567434479335414,Chickpea
14,56,16,16.6145783406424,17.040876611557604,Kidneybeans
10,74,18,21.154207798208354,20.68955483281851,Kidneybeans
56,60,84,16.42579568299039,10.232624959398883,Chickpea
71,37,23,20.152831133812363,52.11915386065833,Maize
26,60,18,15.511502056203977,17.347544217249713,Kidneybeans
13,65,17,17.803347525514127,16.20363576209986,Kidneybeans
39,76,78,21.412527469921677,20.09869659031797,Chickpea
84,52,43,24.90571064510669,87.47019366076775,Rice
79,51,17,29.28820787714924,52.82101361292211,Maize
76,46,41,36.79894329344944,81.04677751573017,Rice
64,37,17,25.60414685629421,64.81233697941013,Maize
26,71,22,20.44257337015251,20.76807919638256,Kidneybeans
44,75,75,22.720254256821583,23.22493723499069,Chickpea
36,69,21,21.717088592440607,22.31250589347375,Kidneybeans
77,45,20,19.392953463648485,72.8784705101224,Maize
117,49,38,31.9495172526386,83.83564911183721,Rice
82,51,15,31.49723644016504,51.383995423460235,Maize
24,71,84,22.76394451973283,13.8734652949924,Chickpea
86,59,23,19.385056261120013,64.90159827751488,Maize
23,77,77,23.449869630495698,22.859633535412613,Chickpea
32,66,77,23.137065051939842,13.108634496533174,Chickpea
29,67,82,29.238129403057684,18.1246962732514,Chickpea
51,63,78,29.853133403814322,21.80154255035691,Chickpea
35,56,15,24.420582194885952,23.374725196187747,Kidneybeans
34,65,75,25.65203147697099,18.922048220166843,Chickpea
74,42,17,30.300087746628506,52.23349755729667,Maize
24,77,76,24.48239248779686,21.37400938084089,Chickpea
52,65,83,15.296934875208816,14.77156670355208,Chickpea
91,39,18,26.604377495808954,62.10532848369104,Maize
20,56,18,22.96243609456387,17.40803816073173,Kidneybeans
63,55,24,31.189706108447375,57.47315375245833,Maize
126,42,39,20.020589596912668,93.39205232267923,Rice
82,53,18,31.41153737041974,72.04088372938527,Maize
28,62,15,16.352173137128545,18.347890418906793,Kidneybeans
24,73,81,16.74286434788169,15.858904113726734,Chickpea
92,51,41,31.12363470079514,93.42849339061229,Rice
55,62,78,18.008403766094744,19.126134038200266,Chickpea
74,59,24,31.374291250470193,74.96402016464071,Maize
98,57,17,26.648001731676533,58.614914893174294,Maize
99,38,24,27.737132665530854,56.70117968446594,Maize
37,69,23,23.58698121244574,23.57934913997329,Kidneybeans
78,43,44,37.658125382749226,97.18831586561178,Rice
26,70,15,23.287089838180066,18.278839940182586,Kidneybeans
82,39,24,28.62655639567099,53.61091210387694,Maize
28,73,79,29.232689337466958,19.41229857676419,Chickpea
93,51,42,29.193630255222622,87.93319552687124,Rice
24,76,79,25.074634223190447,17.402514882316122,Chickpea
89,57,23,26.554747052596788,62.45473247934948,Maize
83,48,17,26.661650844811433,51.888177150647174,Maize
69,37,23,33.40049841098901,50.249230868362964,Maize
95,41,21,28.679512150581747,54.291954876080425,Maize
22,68,80,28.192448560921896,16.146088546644087,Chickpea
14,55,20,19.81277951219237,19.186951433276842,Kidneybeans
71,57,16,24.06150166000711,53.17182070157733,Maize
40,68,82,26.310345523925733,11.381428798493536,Chickpea
23,61,18,20.953663701568725,18.32426692174365,Kidneybeans
101,51,40,20.626046274950326,91.60950013433349,Rice
37,73,75,22.473540007489095,23.08953703820253,Chickpea
72,51,16,25.10572945361753,74.70926416803928,Maize
18,70,15,22.82425812212788,19.13516530289959,Kidneybeans
29,64,18,22.41977729513986,21.024691704572664,Kidneybeans
66,35,42,24.57250323049847,86.0412100366959,Rice
25,71,81,18.08102112717044,17.674535768426157,Chickpea
101,46,42,34.70425309046905,90.4616944916357,Rice
93,54,18,25.78199841597028,62.28326079780327,Maize
91,51,19,19.317221651443205,50.2274545320194,Maize
94,37,44,33.8635042291385,90.79811679004425,Rice
95,41,17,34.43204309379638,63.58711071457536,Maize
59,77,84,19.367163716777686,15.322912461192217,Chickpea
81,47,21,32.55461157390923,51.45594577050688,Maize
74,48,35,30.76802980761575,83.76698167531202,Rice
99,35,18,27.183693535236515,63.04577188262974,Maize
20,61,16,16.95712640099649,15.994946688729646,Kidneybeans
85,52,21,30.29661516789737,51.32339838922046,Maize
60,47,16,25.93361364912469,74.03859307202774,Maize
98,40,23,31.631040297883757,65.17432790685663,Maize
84,54,15,20.8706079192396,66.18799488925407,Maize
94,47,20,18.884403835500596,55.64161457630138,Maize
91,49,40,24.074024985525483,95.37199609577017,Rice
31,59,20,16.466951140151814,24.531201143941377,Kidneybeans
36,62,77,25.1337013792539,15.339565487325915,Chickpea
53,57,75,22.223240104137815,24.793700079271023,Chickpea
85,58,15,30.239945644666584,56.707180010694316,Maize
27,69,18,20.055207917234902,23.439934719420247,Kidneybeans
55,58,77,20.432643821980925,11.050052681995986,Chickpea
55,78,83,29.618877170029947,16.760297124083696,Chickpea
71,57,23,33.127218699501285,51.36862455648988,Maize
31,72,22,22.512789243737668,23.69649684812171,Kidneybeans
22,57,77,20.654783128894202,21.841482912927866,Chickpea
42,62,75,20.567424221786126,23.882833117778212,Chickpea
71,59,15,34.16266012461542,58.43397695893199,Maize
33,59,19,17.613330178853836,15.897595005601572,Kidneybeans
55,60,77,15.462868564621086,16.76164425829546,Chickpea
85,56,21,26.53178202741656,59.90136193588667,Maize
30,74,83,18.430416141005473,11.714286549969692,Chickpea
18,60,18,24.579458599261375,20.088940700698803,Kidneybeans
45,71,83,29.029456478179917,24.00356625186472,Chickpea
24,71,19,18.86707057043978,19.034809690269995,Kidneybeans
67,51,41,24.51080284887471,90.19448493503396,Rice
78,39,44,35.073976681010386,82.83548787054204,Rice
101,51,44,20.024636703328518,84.54714600192197,Rice
36,64,16,23.863803619601416,20.180104313760978,Kidneybeans
59,75,77,24.29601857149634,21.995781459472916,Chickpea
95,37,21,29.940778258370177,55.822545966237044,Maize
39,64,75,29.42270008474627,16.434773977613357,Chickpea
29,63,16,20.93780631943452,18.62501984531513,Kidneybeans
24,68,82,15.89574733456334,15.749263594633021,Chickpea
96,45,21,18.5977072546103,73.11646523955616,Maize
18,71,21,17.310808528744964,19.82601235661521,Kidneybeans
40,69,76,21.236962510311752,18.93039491887906,Chickpea
66,38,40,39.9870699913167,81.03393674483054,Rice
95,56,18,26.72980373461009,71.02740426540254,Maize
71,50,17,24.395237969083578,73.24804407864161,Maize
110,44,36,36.428814560197324,82.43523822250549,Rice
83,51,36,37.04829318397295,86.7445426551084,Rice
92,35,35,35.45645560033609,87.56952846971738,Rice
84,43,21,18.67009894704617,57.18144237192669,Maize
123,37,41,21.650170688808426,82.7839604923506,Rice
113,57,40,27.030803222684376,97.15972507845412,Rice
37,58,19,18.169426217672815,17.117458620524197,Kidneybeans
78,53,15,26.482455051753483,67.3350213357261,Maize
17,64,24,19.896440760320324,24.347955174927833,Kidneybeans
22,68,80,28.520746449629023,12.503966062262522,Chickpea
56,68,79,21.47070973161112,21.64733953976527,Chickpea
37,60,20,20.771170823879064,22.379277689988,Kidneybeans
113,49,38,26.680177574904757,80.05168029689965,Rice
88,42,43,34.757115338130504,83.12327689584347,Rice
39,63,79,19.435420110624065,17.973660951624897,Chickpea
89,49,19,22.32928402012935,53.87103486618637,Maize
70,54,35,31.94548144860682,82.17836683693463,Rice
23,59,78,28.596314458716552,16.17009199748716,Chickpea
59,71,80,29.322704895577022,15.035107495585894,Chickpea
48,66,77,19.95364169004608,18.12985112334649,Chickpea
74,37,18,20.734624989246665,50.81216491725412,Maize
108,42,43,25.329967867417643,95.3544777613356,Rice
58,75,78,28.046447650225662,11.025011572684063,Chickpea
25,58,24,22.818909129968898,21.633107095040017,Kidneybeans
61,52,35,25.967488619799852,83.80649725638136,Rice
45,63,78,15.5390801238233,18.30068524190061,Chickpea
13,69,20,19.962392219008137,24.260595598182654,Kidneybeans
79,42,15,32.476131922264734,61.0463427022766,Maize
72,42,19,22.05173258067595,70.28664847879205,Maize
110,59,36,21.806739211552156,87.18302059332463,Rice
33,57,75,15.41278777710623,16.586433478762427,Chickpea
62,55,40,38.1302743888916,83.69170259074066,Rice
23,74,77,15.645104278004093,12.611225129671439,Chickpea
77,44,24,30.660762437708676,64.07910971134888,Maize
29,65,17,17.56191514439355,24.672711903702975,Kidneybeans
92,47,44,37.28985760614697,98.35504978342755,Rice
82,50,20,32.32314989977683,72.33774928483295,Maize
25,56,20,19.75089872866768,21.45534356410522,Kidneybeans
43,55,83,25.716161454398975,13.015977280749176,Chickpea
119,58,41,31.168253451663958,84.78110664394531,Rice
31,57,75,23.200507808351524,13.473226539475732,Chickpea
68,38,21,24.347003737541137,62.54247915016062,Maize
99,57,39,27.823395321607595,99.09320060066615,Rice
82,56,17,19.842806336182587,74.18320278383675,Maize
76,45,37,35.14118535222447,93.48607612818097,Rice
74,41,24,34.49198706911335,52.16549402136735,Maize
117,42,42,27.83260281080712,98.02751299176889,Rice
76,35,23,32.75129359768657,59.316428247353684,Maize
128,53,41,27.156027018565428,96.58664810282568,Rice
64,59,39,33.398349291000784,99.73385960714323,Rice
26,67,84,18.40091073494945,21.04343323792825,Chickpea
43,57,84,24.94511019212664,10.750278652316684,Chickpea
109,57,39,36.92815698629114,91.58829798687002,Rice
78,47,16,23.426830062365205,61.861329496113086,Maize
61,59,43,32.01596892884396,92.60417496658289,Rice
26,59,15,19.26499747241861,24.095484730121385,Kidneybeans
67,46,24,20.67246602046822,51.49405685445961,Maize
90,48,21,34.453697621173035,74.73199862765962,Maize
36,64,16,22.755052967189993,16.949582714986306,Kidneybeans
24,66,20,21.77545805183776,22.964405615234774,Kidneybeans
64,56,18,23.992997102108795,55.02938080722198,Maize
63,55,16,33.903891386900575,65.90264086609047,Maize
53,73,82,27.597242432182966,24.706533554055575,Chickpea
79,51,43,39.926715516134486,87.887306476367,Rice
63,43,15,19.81595688038784,73.35082477826599,Maize
64,58,19,32.73212670612356,63.238340375561435,Maize
68,47,16,22.505803885957818,74.51902935972129,Maize
23,71,75,24.609533892038797,22.634882571249012,Chickpea
31,62,21,16.84838397947025,24.88840541303663,Kidneybeans
29,56,20,23.743073341370806,24.556494672664893,Kidneybeans
85,39,37,24.017181797245883,96.50401534831136,Rice
36,60,20,22.518251459566812,22.276311376996887,Kidneybeans
32,74,77,26.943608933442814,16.87033317502388,Chickpea
66,37,19,29.905914110731683,64.88192102760136,Maize
88,48,15,30.317484455699912,70.22146347583913,Maize
121,57,37,22.91844148070291,96.3747000814854,Rice
12,62,23,23.572309373697912,21.669274474586807,Kidneybeans
87,52,22,25.789481689287673,64.3078796407519,Maize
34,56,84,29.23606794472266,20.694400117882086,Chickpea
23,76,81,25.627345462391958,15.79317989225546,Chickpea
32,60,23,20.205438373048583,16.179724836280617,Kidneybeans
81,52,22,18.950747952179835,59.66156410819838,Maize
47,76,79,28.24101571010133,10.67978918441342,Chickpea
74,35,23,32.4932249628835,50.64597430550028,Maize
58,66,82,17.58133843942889,18.827574027384834,Chickpea
113,35,41,22.316877135605154,97.38519249302105,Rice
26,62,23,15.492209145407616,22.486087085818323,Kidneybeans
53,64,75,24.08257149923815,14.682945523264054,Chickpea
32,65,23,21.92050553039745,16.460210192969626,Kidneybeans
25,74,24,20.05696743781374,17.335673610686108,Kidneybeans
87,36,23,26.665343279899055,50.62043028612873,Maize
110,36,36,23.073160763222255,93.43116887226074,Rice
54,62,76,25.232908209399156,18.753354509872278,Chickpea
78,56,19,25.533164870489546,70.44908735872883,Maize
41,60,80,21.23405843861003,10.332122132089442,Chickpea
74,36,36,30.864656115799164,80.4005271185165,Rice
39,64,16,23.42165376650381,18.20401286140215,Kidneybeans
37,71,75,28.962109459747346,20.556884664857613,Chickpea
121,39,44,37.92442605370077,95.53447260943385,Rice
81,54,16,32.890861377165486,56.714973322864935,Maize
95,49,39,29.2676149643124,94.93751432271645,Rice
83,53,19,32.83070757703185,55.08777770829716,Maize
59,78,77,17.70461903134167,21.797835735862705,Chickpea
36,63,16,22.975140452964858,20.03345130606154,Kidneybeans
84,40,22,21.66286942368741,57.404419138974966,Maize
83,49,41,39.29040944540417,95.09675639881695,Rice
68,45,22,29.09637810421281,71.46862421323951,Maize
27,62,84,21.823783342613808,17.470605895853033,Chickpea
61,47,21,28.684566301420652,71.86867683722437,Maize
36,63,79,20.001938903940157,20.59237753178581,Chickpea
69,47,39,32.506093204278955,80.0066501224098,Rice
80,49,24,34.57092138271532,68.66130322142786,Maize
87,56,36,21.053676719544573,95.91020743392806,Rice
29,69,24,18.80951845023475,19.305358209130368,Kidneybeans
48,74,78,20.928088894649555,21.917284504727363,Chickpea
60,58,36,21.44832544292683,89.58708880275704,Rice
86,44,24,21.22889064223734,50.095757262508066,Maize
107,35,42,30.321580408872332,95.99562190848043,Rice
110,53,44,37.05643643383803,81.80963390574101,Rice
78,40,24,32.056753401947155,66.38589946101654,Maize
23,71,16,16.3730003271557,16.662553303497006,Kidneybeans
16,70,18,17.87221209205151,17.040643885466004,Kidneybeans
80,43,21,32.73596525670432,52.13506210727184,Maize
36,74,19,23.096750362658895,17.19634928594569,Kidneybeans
58,69,79,17.66832186073535,20.98620797219003,Chickpea
17,69,23,24.13041466889856,17.26978539471521,Kidneybeans
17,56,21,21.418195168014353,20.117804565694808,Kidneybeans
97,46,40,29.961815070220116,84.07156560684486,Rice
28,69,24,15.220661486822909,24.15001537747527,Kidneybeans
82,56,44,37.08419548923132,93.60263862206902,Rice
98,59,38,39.26473306880264,86.671390989444,Rice
39,68,81,26.276582595586397,17.684271358652275,Chickpea
13,72,19,18.581397165291445,16.901287663187055,Kidneybeans
121,41,35,29.595626537130094,98.8175071267613,Rice
129,39,37,31.966545302448537,86.83349003793842,Rice
13,73,20,20.234013709220083,17.486048846133063,Kidneybeans
34,60,77,26.720232609216094,20.82893841273519,Chickpea
97,54,23,23.732612336906858,63.42147866256546,Maize
71,56,23,18.473297871463966,62.578338868707995,Maize
20,58,80,17.307105369624118,13.655942237865126,Chickpea
55,55,79,26.96321040805799,21.800625110609637,Chickpea
77,43,15,22.866757655902994,73.4611910102602,Maize
60,40,41,34.86705645787248,87.60839408465596,Rice
88,36,17,28.969039957406636,52.83108629099549,Maize
29,55,75,27.147902810408794,22.504647012159374,Chickpea
13,63,24,18.83397141058259,19.362460263571574,Kidneybeans
90,40,38,38.631789766379796,92.34703514825948,Rice
82,44,16,33.695862357236905,71.137770271014,Maize
22,66,15,16.790316374415838,18.103084821045474,Kidneybeans
33,57,84,20.7768017985375,13.066608609243202,Chickpea
124,48,39,34.90129096240441,93.71935471965968,Rice
75,52,23,23.101140409392478,70.88110150397165,Maize
39,70,78,21.239158568727824,15.598617345688506,Chickpea
61,58,35,38.07447934350541,92.1966361099739,Rice
34,76,76,23.28104046980067,12.159128703583463,Chickpea
71,58,22,32.981261588592126,68.52208016804964,Maize
42,57,79,23.559744358214022,19.809911385097017,Chickpea
97,54,23,30.065530441617344,60.19735591950476,Maize
41,77,80,17.359894200027423,19.55142575566491,Chickpea
22,67,24,20.044559416693552,18.41641112690602,Kidneybeans
40,65,77,28.666030541510754,19.378071542956633,Chickpea
26,68,20,18.629828404038715,20.52814875718349,Kidneybeans
62,43,40,29.82372681737253,89.53390950082319,Rice
91,42,41,31.865572966203572,83.41329517099997,Rice
43,74,82,26.45368603299859,17.340646734560053,Chickpea
89,44,24,26.312165749453683,58.904848586534484,Maize
44,73,79,20.169061266713395,16.657887826319516,Chickpea
85,40,24,25.928368106577324,54.71249631988903,Maize
43,71,77,28.169767454772522,11.203333696835712,Chickpea
85,47,22,18.30649315230151,51.88530439981971,Maize
20,69,81,17.385375056103918,22.922705608403405,Chickpea
37,64,17,17.881845259595295,16.232474581325516,Kidneybeans
99,36,19,22.06036772686132,69.15878201393475,Maize
28,69,18,17.09690277430201,17.059800358769618,Kidneybeans
34,60,18,21.050895185405384,23.660356750457566,Kidneybeans
32,62,20,19.14141068215666,21.755867735674386,Kidneybeans
109,49,42,38.19049021895637,99.23331471909626,Rice
29,64,24,16.7708225539729,16.992196858370765,Kidneybeans
13,57,21,15.239462652704836,17.057943769894216,Kidneybeans
93,57,37,29.46420236162667,84.4940235394536,Rice
61,37,39,39.081738730792665,90.2523041041161,Rice
60,47,40,25.433739421380082,93.33943033981815,Rice
30,57,20,23.591117576469166,19.271050453603433,Kidneybeans
33,60,24,19.183895333783333,21.009454845377192,Kidneybeans
87,36,15,33.19754197686258,61.24509976761072,Maize
78,47,20,33.78233338367346,70.19255922610142,Maize
17,67,18,22.802126485356336,15.253486042639384,Kidneybeans
129,49,41,22.40677524069992,91.74123415402302,Rice
107,39,35,37.36108645064586,88.92704702395284,Rice
64,49,23,31.224459914725124,57.56919019043563,Maize
38,58,75,25.846924108238312,20.938521143704644,Chickpea
68,45,42,31.418090036883285,80.4578764995224,Rice
48,57,77,27.81332859511302,16.21774097225188,Chickpea
95,37,19,33.49281087567895,53.459939649203115,Maize
63,54,20,23.953170913643337,66.54650780537514,Maize
41,61,78,21.174831906850535,22.737685082525566,Chickpea
16,60,23,23.664231835397004,21.276688771588088,Kidneybeans
35,72,20,17.206510596217484,22.15125019816888,Kidneybeans
61,51,16,34.085177197851436,61.05165532795188,Maize
47,58,77,15.624852275740237,21.091123447469677,Chickpea
92,51,38,38.70403630598919,85.55505247498522,Rice
106,36,41,39.687028148058076,95.7255191351419,Rice
89,57,24,34.065290602224394,74.98018247358601,Maize
67,40,22,26.440762177920284,71.73852922148046,Maize
23,65,18,21.791625683195626,19.83498085106804,Kidneybeans
53,67,79,19.878808588868278,12.076532399940914,Chickpea
89,48,16,20.608019000614497,54.99174345101617,Maize
66,50,21,27.340001145036396,51.58133522246699,Maize
59,73,75,26.446625454019625,21.28957441107754,Chickpea
112,44,36,23.216509381563803,96.50572216465794,Rice
49,55,80,17.244021742904287,20.69853802125005,Chickpea
117,49,41,38.23672069919822,90.13676863640966,Rice
77,50,19,19.521043087776583,62.62788889360016,Maize
73,36,15,27.18939548161171,70.9215855556648,Maize
114,56,40,20.734638748532273,95.18688655845732,Rice
123,36,37,28.104961760553774,83.48386673156507,Rice
83,38,42,32.59555845992306,96.94334722745148,Rice
103,55,37,35.41968585064271,94.49033702797236,Rice
24,74,20,19.09672869292519,16.790949393281814,Kidneybeans
38,55,17,19.88177675310814,16.471632510949455,Kidneybeans
71,58,18,19.68704030363458,56.556858045374625,Maize
121,41,39,29.34621533075305,99.86673874717258,Rice
49,74,79,24.8867064670429,13.823233733723235,Chickpea
12,63,23,24.523867523987246,18.797374048216486,Kidneybeans
19,59,19,18.57811249335593,21.96079861567039,Kidneybeans
33,62,24,15.455851579486687,17.976502775682803,Kidneybeans
26,70,77,28.790811068590088,15.602802653495313,Chickpea
96,44,37,25.940057529097643,95.04855525231144,Rice
96,54,24,31.64585589071237,60.25759304681655,Maize
77,44,18,24.500176628047676,61.483650254320565,Maize
100,44,42,22.11668187657168,91.87077138246295,Rice
38,79,77,15.681049222030389,24.72561013781712,Chickpea
41,64,81,22.47856199258564,18.732748451388847,Chickpea
113,44,35,24.950799112067504,86.92643537178007,Rice
69,45,16,30.19208459979488,55.590063708091776,Maize
66,48,37,26.239039809902607,88.45378226792378,Rice
13,72,18,23.969952893644113,15.881344309766915,Kidneybeans
33,73,19,22.997833644457835,16.8987532909592,Kidneybeans
34,79,75,29.2870067503177,17.71301560014009,Chickpea
64,45,16,28.209091059509053,58.875381653406166,Maize
109,50,38,20.7084473683709,83.89116646370601,Rice
14,67,15,20.84827811305791,22.415661084668294,Kidneybeans
34,78,78,19.64999905757684,14.43914333287985,Chickpea
36,55,77,26.653920154908384,21.561137963583278,Chickpea
40,72,83,15.489269225123497,23.072026320648007,Chickpea
23,56,20,19.83294284966325,23.27523693953817,Kidneybeans
76,45,23,20.573977546913447,68.13670421125407,Maize
80,35,42,22.64552422250661,86.64629250710217,Rice
19,73,23,20.716076494829437,19.607336002416737,Kidneybeans
43,68,82,16.14577417487184,22.91979438722636,Chickpea
111,53,44,29.241945815313212,82.35298056947117,Rice
62,42,41,33.824437152193084,89.86553693567599,Rice
94,59,38,24.77380062602035,92.75970411586596,Rice
54,75,80,22.90848991130869,16.64959764275763,Chickpea
28,63,17,15.595870973531436,19.83232075875435,Kidneybeans
68,37,44,38.98613594115531,92.65081066452612,Rice
49,66,76,22.220000648034972,22.397321352936437,Chickpea
110,47,40,31.19688624617659,84.7047116960397,Rice
86,46,39,34.645436143692905,86.36223107236239,Rice
63,55,18,22.13852448501198,52.93754600530933,Maize
63,59,23,32.41945318539922,72.66633242379997,Maize
25,70,83,25.975871048463194,22.47051559332955,Chickpea
29,58,19,15.98007684780741,19.9295697165586,Kidneybeans
29,72,19,22.17464990611912,23.05174397360377,Kidneybeans
18,63,23,17.52314736135153,20.286566039892755,Kidneybeans
98,51,20,26.362776408665198,73.71976244229795,Maize
65,49,20,19.464308116333616,71.4745136780555,Maize
56,77,82,27.53111746263189,22.94458598480444,Chickpea
61,58,21,27.896461647850614,72.64391976591119,Maize
38,68,76,19.35043790473359,16.75717857205893,Chickpea
82,40,16,19.612436285303655,69.85336404330681,Maize
78,58,17,19.115643499022898,56.158706181057546,Maize
82,48,39,38.947009252620774,97.02897275102531,Rice
117,59,37,30.607087874565124,85.14094532864159,Rice
59,61,77,26.73023002399451,19.18387226142767,Chickpea
117,57,41,39.35022527227555,83.18608041237961,Rice
90,39,23,26.381512127699636,69.28683362149016,Maize
33,69,18,15.402855187779984,24.95734452051323,Kidneybeans
29,67,24,21.704343337969174,15.13228812905294,Kidneybeans
96,41,20,29.635401138178228,56.9472781496939,Maize
24,69,76,25.95744541438185,16.455621245361897,Chickpea
40,69,76,21.100111049978747,22.421752435095144,Chickpea
20,68,79,28.419641963664517,13.178414956601635,Chickpea
71,36,17,25.831437458134886,74.22360992935728,Maize
22,67,20,21.748932030541546,23.979552161850194,Kidneybeans
64,56,24,20.83538469812246,72.46492276422426,Maize
98,41,21,21.501799131204045,59.59022600887896,Maize
40,62,84,20.425653822893707,22.788774324075142,Chickpea
92,47,44,37.632742655407,83.49546885654755,Rice
32,74,22,22.220660642037853,20.960501157609503,Kidneybeans
69,35,19,27.47328116641298,73.46798254944657,Maize
21,70,17,18.125980249083,19.467264687026407,Kidneybeans
25,74,18,24.450240645805685,24.3016520286255,Kidneybeans
83,51,38,36.148605036335226,82.91513136489503,Rice
109,54,37,32.314840438844854,85.30774818376389,Rice
32,55,80,27.82810477527555,16.44412888198545,Chickpea
121,38,35,36.76213926356591,87.91030339698031,Rice
79,54,40,31.426378838391482,85.9055657844062,Rice
96,38,16,22.4658231090329,53.922565603653005,Maize
12,70,17,18.033855436291333,17.423536951367623,Kidneybeans
28,63,84,26.412815167717433,11.678209248236858,Chickpea
11,64,19,20.80645225909634,18.450168399245662,Kidneybeans
40,60,78,16.46271488461346,12.25912154827411,Chickpea
87,55,44,31.76527513939862,84.62261824855293,Rice
69,53,19,27.419687766729044,66.64413100663418,Maize
126,47,42,21.31252289148026,87.339121584096,Rice
22,66,24,21.688765310406854,23.05097312041135,Kidneybeans
15,62,15,20.18561688665734,15.705356375929565,Kidneybeans
37,77,80,27.649171364046033,21.21757861618108,Chickpea
65,52,24,24.43795704487971,65.98437001356939,Maize
29,70,81,19.89507646397981,16.121785852388847,Chickpea
17,56,21,24.562918815133614,16.81817652837339,Kidneybeans
98,45,23,30.131325226479014,57.73421405200032,Maize
27,77,76,25.88440800411624,13.093261076262099,Chickpea
77,47,43,36.43025894814882,86.87120949551408,Rice
30,55,21,24.825212722560387,23.43879411230929,Kidneybeans
126,55,37,39.549327726295715,99.05595055202589,Rice
35,71,77,29.344801400812912,21.47201458688916,Chickpea
120,37,44,28.434078691065636,93.06526038474661,Rice
81,44,37,33.663677128909626,81.63052979104853,Rice
122,53,35,21.823289808123832,84.87313432127733,Rice
22,56,20,18.121897365691293,21.48464556900237,Kidneybeans
23,60,81,23.38470951149661,13.258463296795162,Chickpea
49,63,82,22.980325184763778,24.138189095153578,Chickpea
75,52,38,33.86387881645362,93.3261377167008,Rice
90,35,19,26.563230388029258,72.0324386403523,Maize
83,48,44,34.67819837907403,88.49054850392724,Rice
76,55,16,22.346325796640844,65.84458211868218,Maize
110,47,38,28.440721191013747,95.85912189211263,Rice
29,74,20,20.111136384895005,24.32867690126633,Kidneybeans
26,64,21,15.064643577897105,18.076790894779485,Kidneybeans
80,39,24,27.347907659655576,60.449212700347175,Maize
39,70,24,18.153637432661174,20.445553246546755,Kidneybeans
58,63,75,27.34741246063289,16.975828724509665,Chickpea
38,70,18,18.31616849107834,17.589042747931394,Kidneybeans
50,76,75,16.83045741482773,18.36891167726051,Chickpea
29,59,77,18.307326520336595,21.37752821374586,Chickpea
37,59,22,23.04165564983884,18.42591082811132,Kidneybeans
25,62,75,25.193248907008623,21.594800819583803,Chickpea
17,61,20,18.548318555431628,21.83870124909032,Kidneybeans
94,37,43,23.475069506151335,91.94093833791383,Rice
106,55,38,28.087630030980485,92.12377427122343,Rice
111,36,41,33.6091325271865,87.82085526116349,Rice
40,62,76,26.596335625461993,10.198765502558658,Chickpea
95,58,40,36.83059320620087,91.85836799663564,Rice
110,44,44,30.605302652698004,82.65429307638554,Rice
71,56,38,20.3673527388108,83.07582299336062,Rice
122,59,40,28.255871012135046,80.18060808259101,Rice
33,69,18,20.46928875985477,22.394692332387272,Kidneybeans
113,50,41,30.875578159947985,83.7045689309482,Rice
101,40,35,20.004750471517692,80.35031981724124,Rice
77,57,17,19.227624150698194,74.76606842930448,Maize
32,65,16,23.263408109501867,24.943303026857148,Kidneybeans
104,43,40,39.16341586007861,87.58717179844848,Rice
79,36,17,27.5471066311073,73.00095410272631,Maize
39,74,24,19.20011004295663,24.81257577391277,Kidneybeans
14,63,21,24.50532820954409,15.002270382182555,Kidneybeans
106,51,36,30.796855578163868,81.94786785107104,Rice
83,57,20,33.86427958983331,72.20680491278765,Maize
32,63,77,25.35144837356765,21.776465711435613,Chickpea
88,54,24,27.835586848749024,60.30044347379141,Maize
32,72,22,20.18077498040345,19.3369433132038,Kidneybeans
19,55,19,20.992992870063887,15.060470431839784,Kidneybeans
38,57,16,19.107888099996117,22.69442579421557,Kidneybeans
36,69,79,29.434653044816763,10.17238709947173,Chickpea
60,40,17,29.020368219322975,67.10522687971216,Maize
44,67,82,24.53165468489284,16.221037404512067,Chickpea
36,69,83,27.856943397844233,11.264519719170256,Chickpea
21,70,24,16.399873767217628,24.380641395681312,Kidneybeans
90,56,23,18.855489859889285,64.64135838571998,Maize
92,56,24,23.493468693750092,62.92829730026595,Maize
83,50,16,25.52513242042736,68.63494347853849,Maize
73,54,43,21.555306881579142,84.69348076523102,Rice
39,68,22,20.969452234131726,23.808951605447525,Kidneybeans
121,47,35,23.851980555712608,91.69341400885178,Rice
57,68,81,23.8564663473404,10.642563326786698,Chickpea
40,75,82,26.002301197381556,16.03502432855999,Chickpea
82,42,42,26.58102730739742,83.32663215486285,Rice
91,41,35,38.8860726991566,85.4229487300037,Rice
25,75,76,20.710345217412986,15.799302589507512,Chickpea
122,52,35,36.490280937936674,97.96523254585412,Rice
31,74,76,25.874717548860787,12.165814482005008,Chickpea
32,66,24,17.80600813237916,15.874465017998855,Kidneybeans
60,46,16,24.701238408198435,58.007468562418566,Maize
78,35,41,32.45874765870237,94.30981814198549,Rice
23,60,22,18.702321856845767,18.40004386059892,Kidneybeans
30,60,19,23.08826323491684,15.414973255099063,Kidneybeans
82,41,38,36.07953958801795,83.24763789324642,Rice
26,66,23,19.15818568018411,24.176472779044335,Kidneybeans
119,50,40,22.70002554842414,88.26062349295394,Rice
52,76,82,22.516318203932954,16.959851971966376,Chickpea
87,35,43,20.18970867256996,82.26219638153147,Rice
128,43,38,22.189377201089076,99.53450477325157,Rice
32,55,23,24.782206685265585,18.9221779343354,Kidneybeans
113,57,40,29.48474617400739,86.24296113392894,Rice
30,62,21,19.189697737795242,24.70074456666707,Kidneybeans
51,78,78,17.054985945805072,10.119466071181767,Chickpea
119,46,40,35.800271175837125,91.75768742220774,Rice
27,56,19,19.077780344061626,24.724613900279024,Kidneybeans
68,44,21,28.866431099629317,69.36631549482544,Maize
33,63,23,17.6116243251086,18.161013115469707,Kidneybeans
21,57,17,23.119462346378832,24.226037570939578,Kidneybeans
126,55,35,34.95743208184457,90.42468264970668,Rice
68,56,39,20.066927240859584,97.32877335055291,Rice
21,63,79,24.016540434364924,20.9950542944253,Chickpea
86,38,42,27.96574767951271,91.54370473423496,Rice
94,39,42,32.93329838234327,91.16280499187725,Rice
94,46,17,24.414924112915298,65.56438494581954,Maize
101,43,41,37.69996713046562,82.51483023613298,Rice
83,51,22,19.719815533422754,64.77011333794789,Maize
41,57,78,27.959423711025153,20.80848322966609,Chickpea
88,37,21,31.90297525062524,58.80577437676863,Maize
54,72,76,23.22573054293481,23.67281939987975,Chickpea
91,55,37,20.93890714295626,83.3688877028544,Rice
89,55,37,25.666858965311633,84.6049233685574,Rice
73,52,37,29.430649202050255,99.48329257256032,Rice
57,72,81,18.62833325331219,21.584515227480143,Chickpea
31,67,18,21.256507894272765,22.78046306483199,Kidneybeans
114,40,37,22.991612853351317,91.49174764635534,Rice
38,57,16,24.96526308798619,15.69036936911375,Kidneybeans
106,39,38,21.0976522929295,80.3475958037096,Rice
38,73,21,18.97793440929098,23.188692705204716,Kidneybeans
82,35,19,32.113449033877956,58.20637723193343,Maize
44,78,78,28.59858316008244,21.651857251108407,Chickpea
33,67,21,20.505316805962256,16.662293620516586,Kidneybeans
80,36,24,24.231370185446846,59.281773012634844,Maize
29,78,78,25.794807249157955,12.581659042341666,Chickpea
86,52,42,27.29394498914612,90.43460093272427,Rice
36,57,81,15.782979435674575,20.080840581283802,Chickpea
68,48,35,32.778987706685236,87.13464106080004,Rice
97,37,17,24.234272446094586,63.52067659928849,Maize
15,71,18,21.25681912261353,16.954580003684,Kidneybeans
94,55,20,27.277744556250404,70.68953043701755,Maize
104,53,35,34.91674024061929,86.0170621670651,Rice
81,57,23,20.41708339858498,60.50624004518855,Maize
86,40,19,24.97847813285545,66.73288540908754,Maize
66,46,24,27.58353072457179,55.44249497143081,Maize
20,68,18,18.832153659472517,18.748249243499977,Kidneybeans
40,57,75,19.74824497901805,22.19070429839593,Chickpea
29,57,78,19.679760304896277,14.176863195603595,Chickpea
83,38,44,28.77214432979077,85.94710096473678,Rice
76,49,40,20.02240222960219,97.02348521705542,Rice
62,45,17,34.81513042484846,68.17907024350346,Maize
112,48,36,33.52104514373509,95.45245454898765,Rice
67,36,36,34.29848080404496,87.65052560488016,Rice
20,66,24,24.489806670470013,15.778565196087696,Kidneybeans
118,36,40,28.35012168055784,93.23264700742294,Rice
87,37,23,34.41380460999103,62.06232651319157,Maize
37,68,75,21.562228899123145,15.542229010470704,Chickpea
87,50,42,20.36855437476435,84.12372329036853,Rice
17,70,15,16.125904665291944,15.854030301627217,Kidneybeans
96,42,17,29.20133071177257,71.13324939221818,Maize
74,46,38,21.73410423724367,87.18501495832491,Rice
103,44,44,28.43525319461025,87.94757976928803,Rice
24,70,22,20.75593428640082,23.239976518799782,Kidneybeans
80,59,40,21.36499410708183,89.31625614040497,Rice
35,65,75,29.119086723627774,18.68260252053389,Chickpea
36,71,18,17.48791788739177,16.06160353547467,Kidneybeans
32,73,78,27.573980393185572,15.603322015715229,Chickpea
48,79,83,25.320666657540208,10.100231938358316,Chickpea
44,68,83,18.71265109710618,16.98738629834687,Chickpea
55,73,81,16.47352488283621,20.865166094943095,Chickpea
14,68,18,23.101610899597027,15.496059083494828,Kidneybeans
89,52,23,28.65615937505614,62.8022144174666,Maize
111,39,42,24.36046214988173,83.23345088293605,Rice
63,58,16,21.034836417634178,70.19064673907438,Maize
22,67,18,18.392406611738362,16.654997746636557,Kidneybeans
122,49,37,32.74463159578974,94.10771188224408,Rice
100,54,40,20.883308754202005,82.45941617059253,Rice
23,57,17,21.754560453364256,18.137031247571564,Kidneybeans
92,46,37,21.0319161331742,80.68375531878317,Rice
40,63,83,28.16470529476172,19.258735312730884,Chickpea
34,69,19,22.986557803566363,23.450396488966426,Kidneybeans
52,78,82,17.86678064244004,23.93932603393089,Chickpea
80,53,22,18.89606642750846,70.18154123315625,Maize
24,66,21,17.982724542341227,17.3981995220659,Kidneybeans
30,66,83,22.022312119515455,17.88634329338702,Chickpea
38,71,83,24.41990073906147,10.08577872041184,Chickpea
20,58,18,20.66018424887821,17.913610728377446,Kidneybeans
36,77,81,23.907037212144232,17.65842693114007,Chickpea
27,60,24,18.827841004030404,15.005979388347953,Kidneybeans
66,57,20,22.65232854366478,66.97929248844983,Maize
33,68,17,19.003128361729942,22.939351334518513,Kidneybeans
86,40,21,23.666097617798926,67.15227884858717,Maize
39,56,20,19.15145653992746,18.155331806631356,Kidneybeans
56,66,82,19.03452047393079,11.546820436121138,Chickpea
87,50,23,23.41989448884108,64.22303514611791,Maize
26,71,22,20.645906389334634,22.489631508603985,Kidneybeans
80,47,21,24.85983987148359,56.63071306256686,Maize
74,46,39,29.621237676881726,90.64489977652599,Rice
21,77,77,24.330593435564907,13.055007066590273,Chickpea
19,58,18,19.027394847468308,21.254334501665934,Kidneybeans
45,59,80,20.054470885761848,17.816097857625817,Chickpea
32,57,19,22.201574609309404,20.456959688130258,Kidneybeans
38,62,23,19.425773459328155,22.187181132622023,Kidneybeans
72,39,24,22.304381419217773,73.51725469308079,Maize
17,57,20,19.585185621870153,19.503503857807928,Kidneybeans
74,59,37,39.35398776414173,88.84048747565716,Rice
106,36,40,22.04387239387438,91.85623983306846,Rice
17,73,18,15.801057266096022,23.575306077519237,Kidneybeans
52,75,76,29.02491647758148,16.090177025591657,Chickpea
82,40,15,26.24994077904916,61.01507785147937,Maize
118,55,39,25.173766613958158,95.33312270400812,Rice
120,36,39,38.601807010194776,90.30350340667464,Rice
111,52,36,20.902013544406465,98.51349661761424,Rice
64,59,21,30.957187690299396,71.61007467985993,Maize
107,48,41,32.25888349731212,98.72898347767321,Rice
74,42,15,32.864766539041625,69.51177845950387,Maize
87,39,41,29.23885701151175,99.57262574801061,Rice
32,67,24,17.566472071860957,21.00792149339619,Kidneybeans
75,37,17,26.270207017451188,63.45302525099533,Maize
123,57,39,28.644815677850247,92.75921586631941,Rice
91,42,20,27.14760929005889,73.33637763124631,Maize
68,45,18,27.379110324339436,63.20444303557543,Maize
76,54,21,28.849815055690392,53.257949702282275,Maize
89,47,44,36.30108856804914,88.36799577335306,Rice
36,59,80,25.640744506310863,10.75733416618612,Chickpea
85,41,18,20.191343946249482,69.17122244544433,Maize
20,67,17,23.616648846991012,24.520624466390025,Kidneybeans
25,62,77,23.401375461650932,16.22456823100117,Chickpea
63,40,38,35.776139637414886,85.4908050800025,Rice
22,72,22,17.96612482157093,16.642868432724093,Kidneybeans
27,75,77,21.04146597693378,11.776225587638978,Chickpea
61,35,42,34.49653119748117,88.60674355017842,Rice
83,47,15,21.558922789529678,60.745781437825066,Maize
75,59,16,34.137779919851724,66.44874778011481,Maize
59,77,77,21.88445219065948,19.483248966309233,Chickpea
25,59,17,20.993597250421658,18.77053931001699,Kidneybeans
12,70,22,24.92514620161971,15.398114394457538,Kidneybeans
73,41,24,31.138281418250557,52.546181628559566,Maize
13,64,24,22.093888218243862,15.367129434830666,Kidneybeans
53,75,81,26.434635480329078,19.974917743566607,Chickpea
40,74,79,15.778429492776164,24.377467535016102,Chickpea
76,45,16,19.739647052079075,56.25896823927139,Maize
65,35,20,26.514902300123186,68.91973057255993,Maize
91,47,43,38.20678204115069,95.30381729111569,Rice
51,77,75,24.668867621135156,24.814893885118778,Chickpea
33,58,22,18.49937853570714,18.773631767966506,Kidneybeans
17,67,20,21.313759776433766,19.29149491958322,Kidneybeans
25,77,76,26.732568946368694,16.9228439138291,Chickpea
68,37,24,23.152117939976726,53.79950456185128,Maize
36,65,21,20.738658496770963,20.5554956988562,Kidneybeans
47,66,84,21.529863321828543,22.388765609740457,Chickpea
33,56,81,21.8789691527076,24.13796961280175,Chickpea
129,49,38,30.304958486294517,84.92139317595996,Rice
81,39,22,22.133117017185366,54.02461079218437,Maize
38,63,75,26.30744550853828,15.204439896018377,Chickpea
61,56,19,32.34256900430462,63.88239563320453,Maize
31,60,20,21.82540478767157,20.275879732721656,Kidneybeans
27,71,19,15.914219918171382,20.345592191563085,Kidneybeans
34,72,20,16.718294603576584,18.41849041917258,Kidneybeans
77,47,16,25.81345077945975,68.2310062274392,Maize
112,45,41,36.45167751823348,88.06522722247664,Rice
37,69,18,19.190994729170853,24.108262646863153,Kidneybeans
50,63,81,15.91996433464924,16.695803353947923,Chickpea
66,44,19,32.87102306341789,73.68912815810107,Maize
71,44,21,30.80908529259017,60.61985453328529,Maize
120,37,44,37.650669716392,92.1274188886675,Rice
29,55,24,19.71739837518439,19.690407475181537,Kidneybeans
58,76,82,20.337821388888173,10.257246728727972,Chickpea
35,66,80,22.600089734741186,22.356510936986844,Chickpea
119,51,41,33.030389336045296,85.59407076942958,Rice
39,71,23,18.120640446520206,20.324709078838975,Kidneybeans
39,65,20,17.101071929123517,16.09863113740783,Kidneybeans
11,72,22,16.330097989073288,18.559577734706405,Kidneybeans
99,56,17,25.73426695537153,54.97892243992668,Maize
38,58,23,21.63146248975209,20.70907053752145,Kidneybeans
108,57,44,38.945957765126764,88.85433933559054,Rice
75,40,20,24.053144085025462,73.53197322266995,Maize
84,44,16,24.39640859861717,69.57121544966644,Maize
75,46,37,32.332091637249476,91.8858150112355,Rice
16,65,17,16.39254070784704,22.68747131362513,Kidneybeans
24,75,81,24.516362179298753,17.751849086922373,Chickpea
83,37,43,31.782170689417896,82.18219263531499,Rice
50,60,84,22.459686692534586,13.016480911640011,Chickpea
71,47,18,20.930568155787824,72.06102978368955,Maize
67,56,37,36.398938348162005,85.11289995618544,Rice
22,62,18,22.850639210464312,18.667983206462683,Kidneybeans
76,54,18,26.94109180732481,66.5366551330913,Maize
53,57,84,25.002999908263824,11.75599062136253,Chickpea
29,65,79,20.314016472615698,14.215571220715423,Chickpea
90,47,18,23.186694675931953,70.59740954061661,Maize
127,52,42,23.784430795700118,92.9321182684572,Rice
36,59,23,15.624313272777803,22.066041289942177,Kidneybeans
73,39,35,39.22630576369815,87.215450382212,Rice
99,49,21,21.18489545255541,69.02514957373889,Maize
90,40,20,32.219475535394096,72.03145169407529,Maize
83,47,42,33.24224020213129,95.86814516295675,Rice
14,55,19,16.269444137549726,21.349066591531628,Kidneybeans
67,55,36,38.067276252720504,97.28432355348338,Rice
111,43,41,22.488751145937126,97.55782318082655,Rice
21,66,18,15.861321390636803,22.42292231486947,Kidneybeans
63,58,18,19.498418137643466,70.64720566067037,Maize
31,61,15,21.493788202366225,22.41627287451889,Kidneybeans
49,56,83,18.053675663195406,20.599513952013947,Chickpea
96,41,23,32.505841575642435,61.63193828189809,Maize
40,65,79,22.8380957509808,22.139865974278933,Chickpea
103,43,38,31.965721165363092,91.97427960200216,Rice
121,38,43,21.833986702228604,86.97147334483941,Rice
25,70,18,18.44091617849442,23.341641082084415,Kidneybeans
17,60,16,22.99157971104782,16.41199063537185,Kidneybeans
66,42,23,26.28537173466116,62.56958604616702,Maize
23,67,21,24.024032761106746,18.4883190745863,Kidneybeans
47,60,84,16.572120974963582,12.84722954458234,Chickpea
128,40,39,39.03099948710654,84.6510271673076,Rice
44,75,75,28.4411266769186,15.004101835435648,Chickpea
61,50,19,21.558203289181545,73.01891127636834,Maize
50,67,84,18.074718142902245,16.412434755351388,Chickpea
87,35,21,24.81649555370198,56.19531107267267,Maize
82,50,42,22.055848089853313,86.4505595569283,Rice
63,50,42,20.815082121849457,95.08507088687726,Rice
32,60,21,15.815749256113659,22.621745871816447,Kidneybeans
21,69,15,18.821394748325694,17.469611669918926,Kidneybeans
36,55,18,23.20487584480275,15.355902308064763,Kidneybeans
77,59,20,29.06651966871526,64.25468039499512,Maize
32,61,81,18.348950782577944,20.513014537921478,Chickpea
62,37,21,34.64210504952925,71.4142997170834,Maize
35,75,79,27.401201520393705,14.213229477793657,Chickpea
128,37,44,24.32648046073107,98.28473031902939,Rice
73,58,37,32.20809334015915,92.03710767324017,Rice
54,69,80,21.73220468619909,18.996569724557467,Chickpea
107,59,35,22.41045157572929,81.77111168446483,Rice
87,38,23,25.832106912920683,55.95312108134997,Maize
39,68,17,15.440658615703814,18.301559503156042,Kidneybeans
34,65,17,22.293098004772062,22.69746622857087,Kidneybeans
68,52,17,23.29570908323776,57.3675342471382,Maize
64,55,18,34.46312521850693,61.239583823006555,Maize
29,65,82,22.961060329302537,17.704165698164868,Chickpea
72,45,40,39.4939970374138,87.94357554858422,Rice
114,45,44,27.07742753122499,93.10018677664218,Rice
25,60,18,17.390663840750296,20.25049340245385,Kidneybeans
87,38,15,28.314175433490064,60.264967430956666,Maize
26,69,16,20.485884150546884,23.874689402128823,Kidneybeans
76,45,41,36.52411391587932,90.84727329959476,Rice
16,69,20,17.369239938967233,21.912466637859893,Kidneybeans
38,59,82,29.06067657246481,15.58300587737829,Chickpea
27,64,20,16.587367633743096,16.485067816436807,Kidneybeans
18,67,17,15.138621359128601,21.23210373068007,Kidneybeans
49,60,82,27.121189235337447,16.213013883577453,Chickpea
34,66,76,21.44393915364097,22.364903378189037,Chickpea
37,55,82,27.3718178441668,21.146223094470702,Chickpea
126,52,43,38.17402618538736,94.63916135171269,Rice
33,67,84,23.239646572201558,16.946720707562672,Chickpea
14,70,22,15.10715297695359,15.61946518578988,Kidneybeans
86,45,17,24.838427032620213,73.41425545177098,Maize
24,69,23,18.341927141731098,22.635158436682122,Kidneybeans
111,51,42,28.089708993637014,98.79639583853684,Rice
32,70,77,29.29345193996741,23.26564820534457,Chickpea
31,58,18,24.895053333843222,23.212501545597043,Kidneybeans
39,72,21,20.196116758030076,23.082682112162782,Kidneybeans
22,66,18,23.797524022943435,17.919111734978074,Kidneybeans
63,43,22,25.81257061759387,68.75402082386503,Maize
11,62,21,16.698870732190574,16.224978619659893,Kidneybeans
94,48,19,28.835842180556767,61.49854878234907,Maize
10,65,18,17.267726253196457,20.383949792869576,Kidneybeans
35,76,82,22.23750630353041,19.820636130344486,Chickpea
25,74,75,27.052771626524013,21.18630068614189,Chickpea
52,64,82,28.59098828529548,24.094772669402623,Chickpea
96,53,40,21.49388835515708,92.06438820426744,Rice
60,54,42,35.180716910776994,90.67023850599391,Rice
48,77,83,16.498002317042673,24.085856439507808,Chickpea
92,49,43,29.4036518539333,93.83236111138639,Rice
118,52,41,25.204667359030545,90.53247594537919,Rice
24,57,17,21.630272037231475,18.56982429468664,Kidneybeans
72,58,15,31.396597542775375,61.76752498727654,Maize
34,58,21,23.023960305536328,20.644165877797477,Kidneybeans
33,66,17,17.48539820927426,16.964869669562113,Kidneybeans
24,74,76,15.006641721558118,14.665037420990204,Chickpea
107,50,41,20.046787812515564,97.67419339321505,Rice
17,71,17,24.597910204048503,23.759049249998945,Kidneybeans
27,69,16,19.22192233880678,16.06623618936598,Kidneybeans
63,55,16,20.42735582335404,69.7532843431527,Maize
105,36,42,23.17876566553513,81.39863211418869,Rice
63,39,42,38.310273545838285,95.5200041407086,Rice
41,65,82,28.965149563279496,17.700523153373734,Chickpea
60,46,19,32.333462705505674,58.44996952571225,Maize
82,43,24,21.360735152946287,59.262285926487856,Maize
32,61,15,21.949531193430477,15.557408535874417,Kidneybeans
32,56,76,15.240927974715092,22.32471899442657,Chickpea
70,46,40,20.887533270664736,83.94308253145755,Rice
36,72,23,24.224342836561245,16.5577326058017,Kidneybeans
59,78,75,25.872847489725256,20.88588865546155,Chickpea
30,63,82,15.778514153809635,15.249174092944596,Chickpea
33,62,80,25.157286186865107,11.414911394365655,Chickpea
66,44,20,28.951621271823505,72.67166443349589,Maize
47,61,75,16.78311586765608,21.22349246997844,Chickpea
56,71,82,22.139515965174837,11.11063326868522,Chickpea
15,60,24,19.86173654104883,20.353477680616567,Kidneybeans
20,62,18,17.16332777630827,21.21330624155707,Kidneybeans
36,75,78,28.160334183078902,17.435556253478367,Chickpea
95,44,35,30.403362197574637,84.69122586669657,Rice
40,68,78,27.884350281309445,18.24409402796135,Chickpea
76,57,19,22.717887683340674,71.42572570826445,Maize
14,73,22,20.702869387313903,16.801586477326193,Kidneybeans
29,69,78,16.360825533523965,21.307976107553877,Chickpea
90,55,16,25.10104563854059,61.927745442348154,Maize
92,50,38,26.257097130111752,83.60020874945447,Rice
16,57,20,22.636922693503205,22.545693612057367,Kidneybeans
67,47,15,21.484646958040482,74.15053647825522,Maize
74,50,21,18.498090532758113,57.279911374915606,Maize
30,73,83,16.77738538152601,21.75658583525874,Chickpea
27,66,79,18.587381666733645,15.961722353486374,Chickpea
61,48,37,21.3435079983142,96.80904812553867,Rice
92,58,42,34.88558131189912,92.36103348574372,Rice
86,37,39,36.51841531599793,89.13717289760737,Rice
34,70,24,24.345438807155155,24.772838231769292,Kidneybeans
24,74,82,21.086267529225914,20.162101222352092,Chickpea
88,50,18,30.285620766066273,52.00158506322414,Maize
98,55,16,25.3459760256328,58.79274544897021,Maize
35,70,77,29.993158780786416,15.253044866360954,Chickpea
24,71,23,21.66521976693035,24.92135639478583,Kidneybeans
78,55,36,21.29972818965788,90.96999443302954,Rice
17,70,15,20.547318032823544,23.596453453526067,Kidneybeans
96,38,16,26.33531231996708,60.14286060452369,Maize
123,55,39,35.417082170819796,93.51682490174753,Rice
99,55,42,29.2919719327162,91.33150724342838,Rice
77,40,21,33.65310444381328,50.03570857697942,Maize
21,66,18,23.861712940559933,21.737562297840896,Kidneybeans
44,57,80,24.642283722002617,19.56931394027108,Chickpea
33,71,23,16.807851505623795,24.19208031053725,Kidneybeans
56,67,80,27.760203909072693,22.020219878107127,Chickpea
80,35,19,18.870813038873326,57.70880304190497,Maize
56,68,80,24.375437791278088,21.220071045571054,Chickpea
83,54,17,27.856114509962154,58.35261630216408,Maize
66,37,17,32.069374442935604,61.3354057656067,Maize
59,59,82,15.909433890997024,16.290844175004572,Chickpea
74,43,44,29.885477002765427,91.76116756180159,Rice
75,59,41,30.684844119528904,86.27455382388192,Rice
80,40,17,31.65389869775643,68.212348346186,Maize
78,50,39,33.13967715128986,92.55900105545271,Rice
56,56,84,16.885864034883394,15.598897216941385,Chickpea
56,66,78,20.127055582382738,18.20313948814067,Chickpea
97,40,36,37.36321608103094,96.31497287008563,Rice
20,71,15,18.931471294940152,16.598797633664415,Kidneybeans
64,38,17,19.537122622458234,63.08215623250624,Maize
15,69,17,19.29673363355148,17.57062692189209,Kidneybeans
77,44,19,28.136395778955936,74.82080329204939,Maize
96,55,35,22.305640424945686,93.76415731733191,Rice
23,57,21,23.906584554618426,20.9742924257342,Kidneybeans
25,67,23,21.916556518665416,20.50660459236564,Kidneybeans
37,59,20,23.461242105302315,22.767984372086307,Kidneybeans
36,63,82,21.21704573309015,19.937259204124125,Chickpea
78,37,15,19.79868542256074,70.45901603488042,Maize
31,62,20,16.744092671114995,23.84478727596759,Kidneybeans
115,59,41,39.64661030160163,92.98149317588786,Rice
15,68,20,16.090136156409287,21.35323346708321,Kidneybeans
82,36,21,26.959129617886074,67.67008990526263,Maize
76,37,19,27.604194330092046,63.763632515499886,Maize
53,63,84,20.72161562119967,10.080192412815467,Chickpea
41,62,83,24.04596459255775,21.109392233415555,Chickpea
39,55,76,22.228012189119248,21.61454024416893,Chickpea
98,41,18,27.17425041135359,73.15482466036566,Maize
50,62,83,18.10642377264857,16.371572956375793,Chickpea
42,76,84,17.64143206995892,14.072481312728017,Chickpea
22,64,20,16.682785885077127,21.58307439506062,Kidneybeans
15,58,21,23.614180460955176,21.00583196987136,Kidneybeans
28,73,15,16.771535232226256,18.208545427498436,Kidneybeans
55,77,76,22.90897771372885,21.810600175076583,Chickpea
45,68,82,21.451543147947,20.719619123630864,Chickpea
77,42,18,21.527695421542944,67.35329134940592,Maize
64,49,15,31.57370958587024,52.83078058147814,Maize
31,69,23,23.2956271568305,22.37132413956639,Kidneybeans
20,71,75,29.730743055239437,24.07620615787216,Chickpea
91,52,42,37.53330755724899,85.10613049456863,Rice
28,63,78,16.865742468619864,24.74958485227701,Chickpea
26,61,17,21.45218575844664,23.97397318321586,Kidneybeans
31,62,20,20.880004634296284,17.32728348915552,Kidneybeans
125,39,37,39.80682626683554,87.48593534279586,Rice
49,63,77,20.289039088932874,12.725849398422348,Chickpea
70,39,16,26.912330249141526,55.801964446654125,Maize
57,57,75,27.687743256899516,20.969747795549445,Chickpea
106,35,38,22.484399334561186,81.59930788718604,Rice
119,43,36,28.91916614020643,85.29790894473467,Rice
53,71,82,26.608593326559976,17.188901348718062,Chickpea
30,68,16,22.308703457761602,16.08682539374692,Kidneybeans
34,55,19,20.994611396587167,20.123928207321065,Kidneybeans
10,58,23,15.620414169565542,15.681866197654626,Kidneybeans
94,41,42,23.240277557831693,88.10041598160643,Rice
95,50,24,24.92593398302965,67.42532534835658,Maize
38,71,15,17.856259885622432,16.61694553273987,Kidneybeans
15,73,19,16.8527685033354,16.068007040023637,Kidneybeans
31,62,77,17.803716609126923,14.560454086719995,Chickpea
66,38,19,25.032313900914517,57.5875977286988,Maize
83,35,37,38.01144602472772,90.84957271438735,Rice
31,71,19,23.965746584690102,18.72082254962896,Kidneybeans
74,47,17,20.903833007205584,56.767090107543275,Maize
65,44,44,21.158409211175965,96.37414114238466,Rice
80,37,19,34.15474680139392,74.92123210703599,Maize
60,37,16,18.307378567496652,54.45828781070541,Maize
54,74,80,23.157085917993562,13.196275130272124,Chickpea
32,60,15,20.213770214737412,18.278381988500342,Kidneybeans
17,61,24,17.06817893133396,20.735632800267098,Kidneybeans
14,55,16,20.9856299321776,19.441834068783663,Kidneybeans
90,36,15,20.96647426876524,63.116807667140556,Maize
124,40,37,37.36245626981062,89.49773087012437,Rice
69,38,20,20.16087834473941,50.52592256151171,Maize
84,54,40,29.073872692105653,81.8585828875878,Rice
71,41,42,39.1283139511885,86.34391433530797,Rice
22,67,16,19.60898338206582,20.023718199720953,Kidneybeans
77,49,16,34.35974697718052,72.21498201092881,Maize
46,69,77,18.48059743351659,16.887838505988427,Chickpea
61,46,35,23.093442817664723,81.90523015909253,Rice
72,55,15,20.15563058515492,53.153441450403804,Maize
49,58,83,24.977192913576083,17.99877098918654,Chickpea
32,65,20,20.54687024788367,15.389578463484643,Kidneybeans
32,65,24,20.105704087285034,16.213029980055342,Kidneybeans
17,61,24,17.705592564879915,15.748958420019838,Kidneybeans
51,64,79,17.726087860641947,16.57577470046142,Chickpea
34,66,18,22.422713922522867,23.836839676879897,Kidneybeans
23,58,76,15.7146188615476,13.119345389340848,Chickpea
102,57,41,20.873233154147222,84.65291077125362,Rice
22,60,82,29.724799857786717,10.525118722102086,Chickpea
108,44,37,23.709177493533087,81.262180661583,Rice
118,44,35,34.64369156918124,90.09689763786035,Rice
33,68,81,27.270401237080396,10.7298649549257,Chickpea
77,44,42,28.74386792714487,84.7158418791842,Rice
35,63,22,19.154430005920897,24.09202136206487,Kidneybeans
27,66,20,15.48362711048781,16.10603598873161,Kidneybeans
72,59,24,34.7608808666236,67.3219606924163,Maize
46,62,75,29.991993723234458,18.3324313615879,Chickpea
30,74,24,15.727349477786683,20.470453456155777,Kidneybeans
44,75,79,23.202894614626892,17.746365823279167,Chickpea
40,71,84,28.19011530264792,16.546293980943894,Chickpea
15,69,22,19.106826330102827,16.23449865810355,Kidneybeans
26,65,24,22.52114332696975,22.0086569724388,Kidneybeans
86,43,35,20.1814480930545,90.70716203685322,Rice
36,74,18,18.129195480288224,20.917169688924005,Kidneybeans
41,63,77,16.258793037321443,23.749049524636163,Chickpea
30,70,78,28.491828188191526,18.956436552800795,Chickpea
118,51,35,37.68397956263006,86.56762455770162,Rice
15,67,19,19.838025398606472,21.42795070506309,Kidneybeans
21,56,23,19.418337048019545,15.973668937912212,Kidneybeans
38,78,77,18.373353252238687,24.271630430885217,Chickpea
30,72,83,18.792204091338007,18.71522640062664,Chickpea
37,56,75,29.505790221390523,15.171721301089704,Chickpea
94,56,23,29.402364532524214,67.72250015628956,Maize
81,51,41,25.27367605269233,94.70700597331505,Rice
103,54,37,21.77086821227236,98.37355593987009,Rice
71,41,20,25.74291472410815,69.82100113183819,Maize
14,57,24,23.30622760431791,24.536326078296895,Kidneybeans
23,74,16,22.350251861898233,18.8680724205188,Kidneybeans
98,46,17,19.103287752152962,57.01137661900138,Maize
60,45,35,29.533536566607367,87.6014901787441,Rice
31,63,18,23.490980199586758,15.849662898894664,Kidneybeans
22,60,21,22.34608300710535,24.65832319718333,Kidneybeans
94,40,20,27.676913605554617,52.16143767800381,Maize
63,43,24,34.99083157801444,54.67268241125296,Maize
58,73,84,15.865543926238482,20.18467739557063,Chickpea
118,48,35,37.94872296092407,90.98828476860906,Rice
95,45,37,34.48845345228234,80.0247335951882,Rice
49,73,81,23.73313139652347,14.249571436373959,Chickpea
62,46,24,34.77168134324855,64.00289957523371,Maize
71,50,20,20.57149283586549,59.13417103876632,Maize
75,41,22,21.33166313992995,71.36288589776873,Maize
40,58,78,29.210928743796703,17.49147654800253,Chickpea
27,67,21,22.658586438847422,23.390996987996115,Kidneybeans
27,70,83,24.62789938283033,13.06036998607868,Chickpea
113,35,35,39.78369819626718,91.26877854696917,Rice
91,43,23,22.006603087790044,64.05361884568963,Maize
39,68,19,21.48747113895018,24.66274297748186,Kidneybeans
117,57,44,22.80037077320898,92.5752963641189,Rice
16,57,22,18.935553361063157,22.281164373361662,Kidneybeans
81,54,23,20.792597640750778,55.80724135241132,Maize
40,55,75,29.924720539876397,23.868415830652076,Chickpea
38,78,83,22.7348910878468,22.718918256450227,Chickpea
69,44,24,18.888744755568915,59.29591961416048,Maize
37,71,23,18.064154493510365,19.448524328275408,Kidneybeans
84,39,16,22.084165313893166,54.101589706633376,Maize
29,67,21,18.554393373640618,17.37483305169384,Kidneybeans
64,56,17,23.43525443877752,70.08030308110233,Maize
125,56,36,30.54048192423724,84.61658378308024,Rice
29,61,79,29.855426729975576,20.141880963824356,Chickpea
92,58,39,33.979814760791754,95.87487700761032,Rice
121,52,43,35.41822754128541,91.9544713051173,Rice
40,55,84,23.68762883062083,13.742865502573729,Chickpea
95,44,21,34.66009287434589,51.851872680261195,Maize
80,57,44,29.309400175399674,98.1178220957552,Rice
119,43,35,34.430657222438114,88.10620366171487,Rice
25,71,76,23.111018506996565,23.32696164884381,Chickpea
24,58,17,24.969494174116697,22.493694366449567,Kidneybeans
24,72,80,20.516004762076648,17.69089591392664,Chickpea
90,52,17,19.069427092306405,50.21238946518024,Maize
87,54,22,25.986673464627586,57.12966490025119,Maize
28,75,78,16.880347136885785,18.220485349963603,Chickpea
93,39,21,20.662417853175047,58.66796903089778,Maize
40,74,82,28.333311360054445,23.112560232355392,Chickpea
71,35,16,18.898040196446242,64.05277206558074,Maize
78,52,16,31.662788681914144,51.19453411703513,Maize
35,74,15,22.253716002348575,19.850179875240414,Kidneybeans
73,40,16,18.066612374168585,69.81349419053342,Maize
92,47,24,23.758460248165335,60.27040988918569,Maize
80,55,15,31.556149417008292,72.40641791178948,Maize
25,62,15,24.709402496046188,20.12874742305268,Kidneybeans
61,40,39,28.03160472850975,91.92970949970844,Rice
35,62,16,24.070419604150217,18.82123494459973,Kidneybeans
22,66,24,17.499728908688297,19.49078514134876,Kidneybeans
15,66,19,15.545654082826989,16.191406719960483,Kidneybeans
68,49,24,20.858007659161327,52.152902762659345,Maize
12,57,16,20.41270110941678,24.53402879382095,Kidneybeans
25,57,16,15.969656709654247,16.675665393045065,Kidneybeans
62,47,35,31.771084579464908,85.93738549120562,Rice
99,55,16,29.279335867188074,58.014189650412476,Maize
21,56,80,19.727205586988298,23.728857773767345,Chickpea
30,68,20,16.68858463370395,20.193126926423034,Kidneybeans
72,58,22,25.268211541115104,68.0709800975053,Maize
93,46,21,24.391510772795364,63.86551228027862,Maize
68,49,44,31.21354388007028,86.8530697624183,Rice
48,69,79,15.690851012849345,15.178449305049586,Chickpea
69,58,22,22.39547348188418,53.22662812072657,Maize
19,69,23,20.48909631640072,17.767541319513086,Kidneybeans
63,47,39,26.887674640884665,87.98091892274222,Rice
61,37,40,25.179653032036274,87.51344503763453,Rice
58,76,77,29.159734580448145,24.6565634957736,Chickpea
67,43,24,32.0167901865988,71.54609558237075,Maize
68,51,38,21.2303405247847,82.46445308344332,Rice
73,43,21,26.249534619824566,59.47389774531269,Maize
19,73,24,18.28822617848609,21.171942271169666,Kidneybeans
78,57,18,29.762765175532063,68.72497543512392,Maize
61,46,36,30.59323357310162,84.41122249844646,Rice
23,67,20,20.721229637222063,22.43905187302152,Kidneybeans
92,35,21,20.063322717326535,70.19578629566556,Maize
21,59,20,22.600055449620985,17.5217287749553,Kidneybeans
21,78,80,26.043006375911432,24.04400709119829,Chickpea
107,39,43,23.58994646847667,81.16909228217108,Rice
77,41,24,29.425011545249504,53.89231494389832,Maize
20,66,15,15.76758061888738,16.68810005784564,Kidneybeans
76,47,15,18.37369085176359,66.72885388837128,Maize
35,55,16,24.459708898455993,17.98066201170004,Kidneybeans
83,42,21,19.415380186860745,58.88824492880019,Maize
50,79,76,17.22266892344918,20.18346587616761,Chickpea
114,57,36,34.98323278202566,84.23964981804477,Rice
63,53,16,22.232607285743207,54.59532223704537,Maize
105,44,43,29.47147776870177,86.82180048948442,Rice
71,54,23,27.262019486448338,69.97705364429886,Maize
98,35,37,35.95978644286767,97.37801251081142,Rice
42,60,76,19.981490480897047,13.437579268212431,Chickpea
29,67,77,23.16758653573842,13.051547127041367,Chickpea
60,49,19,30.60224804196296,68.41986421775492,Maize
89,55,24,32.75766871774007,64.04692390603783,Maize
58,56,79,16.633399709715587,21.13796249260632,Chickpea
19,74,19,17.246573976417665,18.523270542525392,Kidneybeans
55,59,80,17.284916784940183,13.23016572073829,Chickpea
75,36,16,33.636473720250414,68.90890136859086,Maize
22,72,23,18.93121798207079,20.049114512501394,Kidneybeans
121,54,42,22.189351973582305,88.76344692823976,Rice
57,61,82,25.141623471216167,16.751747897122165,Chickpea
16,74,16,24.49273106245617,20.964670754135437,Kidneybeans
99,40,24,25.687656701729207,51.81840654442991,Maize
50,74,77,21.94940479909195,18.183777740037215,Chickpea
27,63,79,18.297080232347852,14.905669662277266,Chickpea
97,36,15,24.148323414315726,70.12417084704214,Maize
111,37,36,37.20253632835848,97.93428579680244,Rice
29,56,15,21.0431298224032,24.22645139603572,Kidneybeans
61,53,15,20.252001157812753,59.638812537291734,Maize
46,60,75,19.13321908829225,21.303919461186297,Chickpea
118,47,44,25.545312913935472,93.01023295583431,Rice
37,60,82,19.632516360110113,19.450598177199733,Chickpea
17,66,20,21.101079220362347,15.805808122865136,Kidneybeans
66,58,42,25.627819211550538,93.40192069221884,Rice
22,70,15,15.771875302264679,22.831614309236972,Kidneybeans
83,42,35,29.370788335371685,92.80336447656332,Rice
85,50,40,34.62540133947371,81.77534788215537,Rice
77,51,15,30.24189266975408,67.14281922061701,Maize
48,70,77,19.176591123756516,23.720966724347555,Chickpea
121,42,36,27.679277798394516,96.61754382683411,Rice
75,52,24,20.539487815849345,71.4237532467347,Maize
107,52,37,30.65205038801524,94.35271571817259,Rice
30,65,17,21.314587925830207,23.024017844513242,Kidneybeans
86,37,40,36.373588409996835,83.56891930455544,Rice
97,35,15,23.752253720728667,71.75062313800414,Maize
83,56,15,24.150061302683618,52.46367128532356,Maize
10,64,23,23.388538619040688,18.363233942703335,Kidneybeans
60,58,44,35.67665106837724,84.23510701330957,Rice
64,53,16,19.232879388226184,64.53972094624389,Maize
31,62,18,16.633667583984202,22.06371996809996,Kidneybeans
77,53,35,23.14681319405052,90.52998388307562,Rice
57,61,80,18.066913290820676,11.910796240005089,Chickpea
74,46,36,32.90108335538659,80.41722278583076,Rice
102,47,39,33.23310350161083,94.61658949741752,Rice
54,58,81,15.310070533378568,15.861327284944556,Chickpea
91,50,20,27.81217349579625,60.9445369324905,Maize
20,62,18,18.96000966385615,21.35645321952613,Kidneybeans
79,39,19,33.93717993078478,71.359987833142,Maize
64,58,19,22.38985582541971,50.25117452637079,Maize
86,39,15,29.062314533674606,64.68424671438942,Maize
37,60,76,27.349641447310766,16.7362711751642,Chickpea
35,55,24,15.536347915208308,16.975559056784782,Kidneybeans
94,42,18,31.848625952440592,51.590035909444936,Maize
77,44,21,20.4756869939922,69.76284018834119,Maize
43,75,84,20.877359449252502,24.838266309366254,Chickpea
94,48,22,28.532904078060476,56.279800115111684,Maize
74,50,18,33.91477170636694,63.792199195161544,Maize
60,45,17,20.096414348279968,69.10238966447199,Maize
81,58,42,25.883359466869557,92.16972825319583,Rice
33,74,77,19.428627037344633,10.200515248890934,Chickpea
45,66,82,26.710977798013516,20.691665143252465,Chickpea
90,37,20,26.702956721592773,51.94697472728227,Maize
85,54,24,23.220491637124226,67.84894869661929,Maize
17,66,18,15.251990948210697,18.42929662759196,Kidneybeans
23,60,76,25.78739845416853,19.170049033249704,Chickpea
54,73,83,17.157215254722207,13.328506911765594,Chickpea
97,59,15,21.36933856916836,55.54448729833866,Maize
95,40,16,31.306676462273575,59.60047684912395,Maize
69,43,22,29.95576091871826,63.337005218619574,Maize
70,40,17,28.090779325043066,56.721538624475166,Maize
68,56,19,26.809497447102856,63.94697958944714,Maize
87,59,18,19.798540844637582,74.22036726444512,Maize
75,44,16,24.329220675741812,64.423403083621,Maize
63,51,23,26.70842958589643,63.97841641157421,Maize
79,58,17,24.94789255860588,52.242522975371145,Maize
82,39,20,19.655404394836072,68.61105419593883,Maize
41,77,81,26.779032172740227,19.574833596877397,Chickpea
26,79,76,15.492144361929126,22.3089813651488,Chickpea
19,62,19,22.49859931288269,19.6503633422091,Kidneybeans
27,79,81,18.286762192049075,21.79536599592222,Chickpea
46,66,77,26.386034088875636,19.479830205942836,Chickpea
42,63,76,29.40251677093118,15.772054258316548,Chickpea
11,64,23,21.90322846900729,22.19245200575832,Kidneybeans
82,48,19,32.39534503178567,51.02705912388888,Maize
26,69,19,20.077578381885687,17.62408376489302,Kidneybeans
51,74,78,28.959102072698055,18.982681001191587,Chickpea
18,68,19,22.580404210112164,22.072789119056672,Kidneybeans
44,76,80,23.413116950439264,21.20164959300577,Chickpea
30,69,24,23.202533189448896,22.665959447120514,Kidneybeans
26,72,81,23.014358278405137,16.228614585010607,Chickpea
81,35,24,24.11020505612389,60.691727145604226,Maize
99,35,19,21.23649036704959,62.12682272856738,Maize
39,55,81,27.446446804314675,11.157177528093728,Chickpea
94,41,40,35.90683675918195,89.59794163184146,Rice
39,56,22,20.551337867531885,19.890484004492833,Kidneybeans
41,65,75,27.440874404377688,11.164611639831719,Chickpea
85,47,20,26.02234267959689,65.38572287582316,Maize
39,62,82,24.23867873515082,21.604938473434984,Chickpea
29,59,18,23.391466080707524,18.07819150026119,Kidneybeans
35,60,21,21.84314248925345,20.44630871107136,Kidneybeans
28,69,16,16.53783705513216,19.018762712367394,Kidneybeans
91,56,39,39.829506702900964,90.44962081032237,Rice
71,37,36,29.585578571525744,95.65392081488298,Rice
21,61,84,26.714938404224874,11.03992495581647,Chickpea
24,67,17,23.78033512844457,19.173947823291478,Kidneybeans
120,56,36,37.436655579462425,92.66379252026928,Rice
42,78,82,19.69294741282695,23.546405918148075,Chickpea
97,46,24,20.048190981453956,64.30709536355003,Maize
99,39,23,21.972737630031183,62.87980565345534,Maize
19,58,20,17.139946786983135,23.484717744062646,Kidneybeans
23,68,77,18.829636147558976,14.282631701777674,Chickpea
55,68,78,23.6076188115677,18.631140809292226,Chickpea
27,59,22,21.692190299248665,17.998975929945363,Kidneybeans
43,73,83,18.200900219635344,18.240139673541364,Chickpea
25,65,82,28.440611994858287,11.555178711014147,Chickpea
62,37,37,29.102873700723123,86.46261314140557,Rice
20,63,19,19.05422825139155,19.352622796565537,Kidneybeans
26,69,79,24.515096095668063,24.684362605616563,Chickpea
47,70,78,23.41940314422604,14.372436113855844,Chickpea
32,56,18,24.656389752668005,16.53144500083956,Kidneybeans
27,58,23,20.000582591910867,19.751003406917206,Kidneybeans
26,71,20,18.993325801992228,15.43100108948324,Kidneybeans
36,75,77,21.45810314260785,10.205478256133718,Chickpea
61,38,36,33.91428585699501,91.61864106525596,Rice
62,40,39,26.72740927656844,83.1857489048561,Rice
17,61,18,23.973857174637146,17.160314403930723,Kidneybeans
112,51,43,27.932987461041087,87.45697274377869,Rice
21,60,16,16.986445768974058,18.42132600111895,Kidneybeans
107,58,43,37.58142960456263,95.39889400503358,Rice
128,43,40,35.66845451883229,80.35375619226514,Rice
68,56,38,24.60107366062868,87.25888543691984,Rice
57,74,76,17.790345000084983,20.346682738721817,Chickpea
83,51,35,33.005883717469075,81.49259628674163,Rice
35,75,80,18.687111589592295,18.73215711366698,Chickpea
22,57,18,15.47196701697379,21.141862443190114,Kidneybeans
34,70,24,16.98631613861869,18.936355202774422,Kidneybeans
48,69,80,20.46531357642348,17.265166394372628,Chickpea
10,68,24,16.054013773964623,19.74769006043651,Kidneybeans
72,56,16,32.21334131351978,73.87937901195332,Maize
46,56,79,23.082195135594286,21.759810380340333,Chickpea
99,47,42,22.061874920274896,88.97555147662806,Rice
80,52,41,34.40405163264592,88.31814732293881,Rice
11,66,16,19.406648834242937,15.451513644122919,Kidneybeans
37,58,22,24.765610233229044,15.009434152676311,Kidneybeans
26,58,81,24.049377085724146,14.995523077080975,Chickpea
93,59,43,32.24515971762316,92.05106327685729,Rice
92,50,44,29.148641955474147,81.42560540110328,Rice
37,70,81,27.24616177447546,20.60256783670812,Chickpea
95,37,42,30.425206243608297,81.74077925175317,Rice
29,78,83,26.772927344383202,16.222226790834206,Chickpea
39,63,21,20.75060573458815,24.75410367684745,Kidneybeans
37,68,18,21.45572181427428,15.602269449002975,Kidneybeans
75,47,42,27.910901677599373,90.0230599836402,Rice
39,62,83,16.876878857126204,18.770021352487372,Chickpea
84,57,35,37.14720184184998,92.69920091182067,Rice
12,57,20,17.68797615030198,19.237701199309235,Kidneybeans
89,51,23,23.678774323139315,51.76375159274736,Maize
86,36,23,24.197629267837698,56.33002908424942,Maize
29,62,76,19.000127949929663,13.30725540209956,Chickpea
89,44,24,22.756037825079694,71.26450493266498,Maize
27,57,19,23.143867792687615,16.678145956460288,Kidneybeans
122,48,35,32.95147286803815,92.90579675051434,Rice
35,70,23,24.414742375060655,20.46677264897312,Kidneybeans
60,42,37,20.975671633463463,81.79252678309884,Rice
112,46,42,36.75651470566491,90.91373776990947,Rice
26,58,81,26.470787122144188,13.375628142563082,Chickpea
55,73,75,16.94400976793163,10.172209896240668,Chickpea
56,78,76,24.426510711284983,16.497446669727495,Chickpea
84,53,20,34.178940908639134,66.92594537205025,Maize
14,65,15,16.31686903436207,21.66685651892513,Kidneybeans
41,57,79,20.325615846779375,15.233351125627355,Chickpea
69,37,18,34.11356164331223,52.91869756921989,Maize
32,69,21,20.879916294638328,18.516498723419055,Kidneybeans
19,60,21,15.877882370581599,23.118067183508863,Kidneybeans
98,41,23,29.054336208592247,70.17767550798781,Maize
12,72,22,18.024663174614698,20.59744661333675,Kidneybeans
96,38,44,37.88959861936135,96.4634803119132,Rice
98,38,36,36.741579814060586,96.71996127562419,Rice
23,74,76,20.860231664789087,24.417391235652477,Chickpea
28,67,75,27.707916585503725,22.977900210967164,Chickpea
97,52,24,30.588661860711415,72.36868927078253,Maize
61,49,17,23.95011676404404,58.64067592590398,Maize
73,50,19,24.06509833593727,74.37717924269204,Maize
80,55,20,19.977639361265442,68.4890812027817,Maize
82,41,38,34.62047342916563,82.06617914248031,Rice
93,39,17,18.55200311875972,67.82535729654352,Maize
31,68,19,15.041874436279578,23.53942882141853,Kidneybeans
44,69,79,25.981839102644336,22.43306914379438,Chickpea
86,39,23,23.1199849789551,58.08811534342595,Maize
26,55,78,17.871415207493136,23.375662978041188,Chickpea
97,51,38,26.528671530065857,83.05967601657126,Rice
119,53,43,29.94929787959781,99.21561102973953,Rice
122,40,38,20.35723784956639,95.7580397658453,Rice
54,61,81,22.42012784386925,21.240856792017386,Chickpea
75,51,35,23.279989619789944,92.38995502815175,Rice
70,43,19,18.359546996940075,67.86740222516556,Maize
127,50,40,27.681812229824992,92.85151937894379,Rice
36,72,20,20.411138248788447,23.61445686021324,Kidneybeans
101,36,41,25.014613211231953,90.86601046726577,Rice
23,73,80,24.540637031699525,16.06852984606026,Chickpea
63,59,17,31.30970144237873,64.28032294378792,Maize
24,68,21,21.710129805329096,24.205358851025547,Kidneybeans
87,40,24,28.507750414548845,69.30668892093765,Maize
27,64,16,18.531028889383894,15.53830524908459,Kidneybeans
88,48,18,32.14300620869689,58.68221185764244,Maize
41,66,84,15.212850740936508,23.553376651487955,Chickpea
68,59,15,18.125083103632047,57.18506334613706,Maize
58,75,76,19.071578664513005,16.391064664391457,Chickpea
11,65,19,24.915327758273865,16.322687150984816,Kidneybeans
98,59,44,25.4591874971263,93.09386162862697,Rice
21,62,22,20.638929210554025,21.900468884094497,Kidneybeans
45,57,76,19.035294701974657,12.380183105345274,Chickpea
97,42,17,24.620389561320444,55.44452004418921,Maize
34,58,79,19.143559874627297,22.897357530869137,Chickpea
14,66,20,22.452147426908347,16.193810113381968,Kidneybeans
27,56,77,26.08539836681938,20.060132880734884,Chickpea
27,61,16,17.022939491582036,15.069822618803482,Kidneybeans
46,79,76,25.59289774445038,13.960065249391988,Chickpea
120,51,39,27.843024228903932,92.64030972040837,Rice
119,53,40,32.66196126714895,90.2799173561745,Rice
64,59,18,22.839470560389884,71.04038649394538,Maize
30,59,75,20.96471369388054,13.220017959588052,Chickpea
39,70,15,16.383715947205566,19.217126175259164,Kidneybeans
117,51,40,25.050174993767644,96.63726226502844,Rice
21,71,23,23.79601496711762,23.143839206690814,Kidneybeans
85,40,21,19.239273681818133,57.86469083535166,Maize
128,45,40,29.618076628979697,89.69203174037729,Rice
23,74,22,20.162832991976742,24.206914007786196,Kidneybeans
92,40,19,24.634055342927915,67.4881967600643,Maize
77,38,23,24.24478875971376,63.627085321497255,Maize
78,49,35,38.156373059692804,94.42844134657463,Rice
43,60,79,29.728585471148087,20.113882630097486,Chickpea
88,54,18,31.63865285150712,51.66649574558265,Maize
121,59,42,31.615144144546555,96.53677767423756,Rice
21,74,24,20.578736756600733,18.768668803471886,Kidneybeans
12,59,23,21.6231373873072,24.698188646337847,Kidneybeans
89,41,16,20.30565247212433,54.77655348365896,Maize
71,55,38,31.116131628743595,92.80005933673827,Rice
79,57,21,28.044726545716948,53.29273838015888,Maize
64,54,42,26.518509279041496,98.84774038204466,Rice
71,54,17,28.59334351371303,68.0362289277393,Maize
42,70,81,23.63033104877334,22.10783978186782,Chickpea
104,53,39,23.70945819153445,84.88294580844749,Rice
24,74,17,24.317404033165083,16.864198048539745,Kidneybeans
34,65,21,18.766764404294626,19.303465323722005,Kidneybeans
39,67,17,22.050409063535927,21.23379565959907,Kidneybeans
72,41,21,30.91184252818805,73.76258903972837,Maize
23,60,19,20.117074471147006,18.373306088457653,Kidneybeans
78,50,15,20.957615791870662,71.6248744051944,Maize
26,55,15,24.457497022259304,22.622120583141772,Kidneybeans
